countryA,labelA,isoA,geonameA,place,countryB,labelB,isoB,geonameB
http://www.wikidata.org/entity/Q1041,Senegal,SN,2245662,,http://www.wikidata.org/entity/Q1005,The Gambia,GM,2413451
http://www.wikidata.org/entity/Q184536,Mali Empire,,,,http://www.wikidata.org/entity/Q1006,Guinea,GN,2420477
http://www.wikidata.org/entity/Q117,Ghana,GH,2300660,,http://www.wikidata.org/entity/Q1008,Ivory Coast,CI,2287781
http://www.wikidata.org/entity/Q945,Togo,TG,2363686,,http://www.wikidata.org/entity/Q1008,Ivory Coast,CI,2287781
http://www.wikidata.org/entity/Q965,Burkina Faso,BF,2361809,,http://www.wikidata.org/entity/Q1008,Ivory Coast,CI,2287781
http://www.wikidata.org/entity/Q1044,Sierra Leone,SL,2403846,,http://www.wikidata.org/entity/Q1009,Cameroon,CM,2233387
http://www.wikidata.org/entity/Q965,Burkina Faso,BF,2361809,,http://www.wikidata.org/entity/Q1009,Cameroon,CM,2233387
http://www.wikidata.org/entity/Q668294,Kamerun,,,,http://www.wikidata.org/entity/Q1009,Cameroon,CM,2233387
http://www.wikidata.org/entity/Q1039,São Tomé and Príncipe,ST,2410758,,http://www.wikidata.org/entity/Q1011,Cape Verde,CV,3374766
http://www.wikidata.org/entity/Q1028,Morocco,MA,2542007,,http://www.wikidata.org/entity/Q1025,Mauritania,MR,2378080
http://www.wikidata.org/entity/Q1747689,Ancient Rome,,,,http://www.wikidata.org/entity/Q1028,Morocco,MA,2542007
http://www.wikidata.org/entity/Q142,France,FR,3017382,,http://www.wikidata.org/entity/Q1028,Morocco,MA,2542007
http://www.wikidata.org/entity/Q309272,Mauretania,,8378518,,http://www.wikidata.org/entity/Q1028,Morocco,MA,2542007
http://www.wikidata.org/entity/Q2277,Roman Empire,,8354456,,http://www.wikidata.org/entity/Q1028,Morocco,MA,2542007
http://www.wikidata.org/entity/Q29,Spain,ES,2510769,,http://www.wikidata.org/entity/Q1028,Morocco,MA,2542007
http://www.wikidata.org/entity/Q153665,German South-West Africa,,,,http://www.wikidata.org/entity/Q1030,Namibia,NA,3355338
http://www.wikidata.org/entity/Q258,South Africa,ZA,953987,,http://www.wikidata.org/entity/Q1030,Namibia,NA,3355338
http://www.wikidata.org/entity/Q916,Angola,AO,3351879,,http://www.wikidata.org/entity/Q1030,Namibia,NA,3355338
http://www.wikidata.org/entity/Q1049,Sudan,SD,366755,,http://www.wikidata.org/entity/Q1033,Nigeria,NG,2328926
http://www.wikidata.org/entity/Q924,Tanzania,TZ,149590,,http://www.wikidata.org/entity/Q1033,Nigeria,NG,2328926
http://www.wikidata.org/entity/Q958,South Sudan,SS,7909807,,http://www.wikidata.org/entity/Q1036,Uganda,UG,226074
http://www.wikidata.org/entity/Q974,Democratic Republic of the Congo,CD,203312,,http://www.wikidata.org/entity/Q1036,Uganda,UG,226074
http://www.wikidata.org/entity/Q1011,Cape Verde,CV,3374766,,http://www.wikidata.org/entity/Q1039,São Tomé and Príncipe,ST,2410758
http://www.wikidata.org/entity/Q200464,Portuguese Empire,,,,http://www.wikidata.org/entity/Q1039,São Tomé and Príncipe,ST,2410758
http://www.wikidata.org/entity/Q801,Israel,IL,294640,,http://www.wikidata.org/entity/Q104028,Judea,,
http://www.wikidata.org/entity/Q1005,The Gambia,GM,2413451,,http://www.wikidata.org/entity/Q1041,Senegal,SN,2245662
http://www.wikidata.org/entity/Q104192518,Taifa of Valencia (third period),,,,http://www.wikidata.org/entity/Q104192511,Taifa of Valencia (second period),,
http://www.wikidata.org/entity/Q171740,Caliphate of Córdoba,,,,http://www.wikidata.org/entity/Q104192511,Taifa of Valencia (second period),,
http://www.wikidata.org/entity/Q199688,Almohad Caliphate,,,,http://www.wikidata.org/entity/Q104192511,Taifa of Valencia (second period),,
http://www.wikidata.org/entity/Q75613,Almoravid dynasty,,,,http://www.wikidata.org/entity/Q104192511,Taifa of Valencia (second period),,
http://www.wikidata.org/entity/Q676811,Taifa of Valencia,,,,http://www.wikidata.org/entity/Q104192511,Taifa of Valencia (second period),,
http://www.wikidata.org/entity/Q199688,Almohad Caliphate,,,,http://www.wikidata.org/entity/Q104192518,Taifa of Valencia (third period),,
http://www.wikidata.org/entity/Q104192511,Taifa of Valencia (second period),,,,http://www.wikidata.org/entity/Q104192518,Taifa of Valencia (third period),,
http://www.wikidata.org/entity/Q171740,Caliphate of Córdoba,,,,http://www.wikidata.org/entity/Q104192518,Taifa of Valencia (third period),,
http://www.wikidata.org/entity/Q75613,Almoravid dynasty,,,,http://www.wikidata.org/entity/Q104192518,Taifa of Valencia (third period),,
http://www.wikidata.org/entity/Q676811,Taifa of Valencia,,,,http://www.wikidata.org/entity/Q104192518,Taifa of Valencia (third period),,
http://www.wikidata.org/entity/Q1009,Cameroon,CM,2233387,,http://www.wikidata.org/entity/Q1044,Sierra Leone,SL,2403846
http://www.wikidata.org/entity/Q34754,Somaliland,,328195,,http://www.wikidata.org/entity/Q1045,Somalia,SO,51537
http://www.wikidata.org/entity/Q2621587,Waqooyi-Bari,,,,http://www.wikidata.org/entity/Q1045,Somalia,SO,51537
http://www.wikidata.org/entity/Q1747689,Ancient Rome,,,,http://www.wikidata.org/entity/Q1048918,Kingdom of the Suebi,,
http://www.wikidata.org/entity/Q45,Portugal,PT,2264397,,http://www.wikidata.org/entity/Q1048918,Kingdom of the Suebi,,
http://www.wikidata.org/entity/Q1033,Nigeria,NG,2328926,,http://www.wikidata.org/entity/Q1049,Sudan,SD,366755
http://www.wikidata.org/entity/Q79,Egypt,EG,357994,,http://www.wikidata.org/entity/Q1049,Sudan,SD,366755
http://www.wikidata.org/entity/Q958,South Sudan,SS,7909807,,http://www.wikidata.org/entity/Q1049,Sudan,SD,366755
http://www.wikidata.org/entity/Q30,United States,US,6252001,,http://www.wikidata.org/entity/Q1057542,Republic of Hawaii,,
http://www.wikidata.org/entity/Q739,Colombia,CO,3686110,,http://www.wikidata.org/entity/Q1061488,United States of Colombia,,
http://www.wikidata.org/entity/Q794,Iran,IR,130758,,http://www.wikidata.org/entity/Q107258515,Pahlavi Iran,,
http://www.wikidata.org/entity/Q794,Iran,IR,130758,,http://www.wikidata.org/entity/Q107258515,Pahlavi Iran,,
http://www.wikidata.org/entity/Q822,Lebanon,LB,272103,,http://www.wikidata.org/entity/Q108865218,Lebanese Republic under French mandate,,
http://www.wikidata.org/entity/Q822,Lebanon,LB,272103,,http://www.wikidata.org/entity/Q108865226,State of Greater Lebanon,,
http://www.wikidata.org/entity/Q183,Germany,DE,2921044,,http://www.wikidata.org/entity/Q109252949,Duchy of Mecklenburg,,
http://www.wikidata.org/entity/Q16957,German Democratic Republic,DD,8354410,,http://www.wikidata.org/entity/Q109252949,Duchy of Mecklenburg,,
http://www.wikidata.org/entity/Q1206012,German Reich,,,,http://www.wikidata.org/entity/Q109252949,Duchy of Mecklenburg,,
http://www.wikidata.org/entity/Q15180,Soviet Union,,8354411,,http://www.wikidata.org/entity/Q10957559,Principality of Moldavia,,
http://www.wikidata.org/entity/Q212,Ukraine,UA,690791,,http://www.wikidata.org/entity/Q10957559,Principality of Moldavia,,
http://www.wikidata.org/entity/Q218,Romania,RO,798549,,http://www.wikidata.org/entity/Q10957559,Principality of Moldavia,,
http://www.wikidata.org/entity/Q217,Moldova,MD,617790,,http://www.wikidata.org/entity/Q10957559,Principality of Moldavia,,
http://www.wikidata.org/entity/Q183,Germany,DE,2921044,,http://www.wikidata.org/entity/Q11024667,Duchy of Mecklenburg-Schwerin,,
http://www.wikidata.org/entity/Q159,Russia,RU,2017370,,http://www.wikidata.org/entity/Q1108445,Kievan Rus',,
http://www.wikidata.org/entity/Q212,Ukraine,UA,690791,,http://www.wikidata.org/entity/Q1108445,Kievan Rus',,
http://www.wikidata.org/entity/Q148,People's Republic of China,CN,1814991,,http://www.wikidata.org/entity/Q11089317,North Shanxi Autonomous Government,,
http://www.wikidata.org/entity/Q214,Slovakia,SK,3057568,,http://www.wikidata.org/entity/Q11177699,Czechoslovak Federal Republic,,
http://www.wikidata.org/entity/Q214,Slovakia,SK,3057568,,http://www.wikidata.org/entity/Q11178782,Czechoslovak Republic,,
http://www.wikidata.org/entity/Q17,Japan,JP,1861060,,http://www.wikidata.org/entity/Q11285099,United States occupation of the Ryukyu Islands,,
http://www.wikidata.org/entity/Q148,People's Republic of China,CN,1814991,,http://www.wikidata.org/entity/Q1135255,Chinese Soviet Republic,,
http://www.wikidata.org/entity/Q115,Ethiopia,ET,337996,,http://www.wikidata.org/entity/Q114,Kenya,KE,192950
http://www.wikidata.org/entity/Q1036,Uganda,UG,226074,,http://www.wikidata.org/entity/Q114,Kenya,KE,192950
http://www.wikidata.org/entity/Q114,Kenya,KE,192950,,http://www.wikidata.org/entity/Q115,Ethiopia,ET,337996
http://www.wikidata.org/entity/Q986,Eritrea,ER,338010,,http://www.wikidata.org/entity/Q115,Ethiopia,ET,337996
http://www.wikidata.org/entity/Q1062422,Konbaung dynasty,,,,http://www.wikidata.org/entity/Q1155700,Rattanakosin Kingdom,,
http://www.wikidata.org/entity/Q869,Thailand,TH,1605651,,http://www.wikidata.org/entity/Q1155700,Rattanakosin Kingdom,,
http://www.wikidata.org/entity/Q786,Dominican Republic,DO,3508796,,http://www.wikidata.org/entity/Q11681694,Republic of Spanish Haiti,,
http://www.wikidata.org/entity/Q79,Egypt,EG,357994,,http://www.wikidata.org/entity/Q11696332,Medieval Egypt,,
http://www.wikidata.org/entity/Q1008,Ivory Coast,CI,2287781,,http://www.wikidata.org/entity/Q117,Ghana,GH,2300660
http://www.wikidata.org/entity/Q159,Russia,RU,2017370,,http://www.wikidata.org/entity/Q117,Ghana,GH,2300660
http://www.wikidata.org/entity/Q928,Philippines,PH,1694008,,http://www.wikidata.org/entity/Q117,Ghana,GH,2300660
http://www.wikidata.org/entity/Q36,Poland,PL,798544,,http://www.wikidata.org/entity/Q11750128,Kingdom of Poland,,
http://www.wikidata.org/entity/Q79,Egypt,EG,357994,,http://www.wikidata.org/entity/Q11768,Ancient Egypt,,
http://www.wikidata.org/entity/Q487829,Chagatai Khanate,,,,http://www.wikidata.org/entity/Q1188459,Yarkent Khanate,,
http://www.wikidata.org/entity/Q977,Djibouti,DJ,223816,,http://www.wikidata.org/entity/Q11950520,Sultanate of Tadjoura,,
http://www.wikidata.org/entity/Q186320,Grand Duchy of Baden,,,,http://www.wikidata.org/entity/Q1206012,German Reich,,
http://www.wikidata.org/entity/Q16957,German Democratic Republic,DD,8354410,,http://www.wikidata.org/entity/Q1206012,German Reich,,
http://www.wikidata.org/entity/Q183,Germany,DE,2921044,,http://www.wikidata.org/entity/Q1206012,German Reich,,
http://www.wikidata.org/entity/Q159631,Kingdom of Württemberg,,,,http://www.wikidata.org/entity/Q1206012,German Reich,,
http://www.wikidata.org/entity/Q109252949,Duchy of Mecklenburg,,,,http://www.wikidata.org/entity/Q1206012,German Reich,,
http://www.wikidata.org/entity/Q12548,Holy Roman Empire,,,,http://www.wikidata.org/entity/Q1206012,German Reich,,
http://www.wikidata.org/entity/Q159,Russia,RU,2017370,,http://www.wikidata.org/entity/Q1206012,German Reich,,
http://www.wikidata.org/entity/Q37,Lithuania,LT,597427,,http://www.wikidata.org/entity/Q1206012,German Reich,,
http://www.wikidata.org/entity/Q31,Belgium,BE,2802361,,http://www.wikidata.org/entity/Q1206012,German Reich,,
http://www.wikidata.org/entity/Q27306,Kingdom of Prussia,,,,http://www.wikidata.org/entity/Q1206012,German Reich,,
http://www.wikidata.org/entity/Q36,Poland,PL,798544,,http://www.wikidata.org/entity/Q1206012,German Reich,,
http://www.wikidata.org/entity/Q40,Austria,AT,2782113,,http://www.wikidata.org/entity/Q1206012,German Reich,,
http://www.wikidata.org/entity/Q7318,Nazi Germany,,,,http://www.wikidata.org/entity/Q1206012,German Reich,,
http://www.wikidata.org/entity/Q690821,Republic of Baden,,,,http://www.wikidata.org/entity/Q1206012,German Reich,,
http://www.wikidata.org/entity/Q38872,Prussia,,,,http://www.wikidata.org/entity/Q1206012,German Reich,,
http://www.wikidata.org/entity/Q148,People's Republic of China,CN,1814991,,http://www.wikidata.org/entity/Q12060881,Chinese Empire,,
http://www.wikidata.org/entity/Q219,Bulgaria,BG,732800,,http://www.wikidata.org/entity/Q121932,People's Republic of Bulgaria,,
http://www.wikidata.org/entity/Q38,Italy,IT,3175395,,http://www.wikidata.org/entity/Q1235720,Republic of Lucca,,
http://www.wikidata.org/entity/Q668,India,IN,1269750,,http://www.wikidata.org/entity/Q1240096,Hyderabad State,,
http://www.wikidata.org/entity/Q403,Serbia,RS,6290252,,http://www.wikidata.org/entity/Q1246,Kosovo,XK,831053
http://www.wikidata.org/entity/Q12536,Abbasid Caliphate,,,,http://www.wikidata.org/entity/Q12490507,Rashidun Caliphate,,
http://www.wikidata.org/entity/Q1986139,Parthian Empire,,,,http://www.wikidata.org/entity/Q12490507,Rashidun Caliphate,,
http://www.wikidata.org/entity/Q273874,Buyid dynasty,,,,http://www.wikidata.org/entity/Q12490507,Rashidun Caliphate,,
http://www.wikidata.org/entity/Q3708094,Seljuk Empire,,,,http://www.wikidata.org/entity/Q12490507,Rashidun Caliphate,,
http://www.wikidata.org/entity/Q794,Iran,IR,130758,,http://www.wikidata.org/entity/Q12490507,Rashidun Caliphate,,
http://www.wikidata.org/entity/Q796,Iraq,IQ,99237,,http://www.wikidata.org/entity/Q12490507,Rashidun Caliphate,,
http://www.wikidata.org/entity/Q83891,Sasanian Empire,,,,http://www.wikidata.org/entity/Q12490507,Rashidun Caliphate,,
http://www.wikidata.org/entity/Q8575586,Umayyad Caliphate,,,,http://www.wikidata.org/entity/Q12490507,Rashidun Caliphate,,
http://www.wikidata.org/entity/Q958,South Sudan,SS,7909807,,http://www.wikidata.org/entity/Q124943,Kingdom of Egypt,,
http://www.wikidata.org/entity/Q79,Egypt,EG,357994,,http://www.wikidata.org/entity/Q124943,Kingdom of Egypt,,
http://www.wikidata.org/entity/Q12490507,Rashidun Caliphate,,,,http://www.wikidata.org/entity/Q12536,Abbasid Caliphate,,
http://www.wikidata.org/entity/Q1986139,Parthian Empire,,,,http://www.wikidata.org/entity/Q12536,Abbasid Caliphate,,
http://www.wikidata.org/entity/Q3708094,Seljuk Empire,,,,http://www.wikidata.org/entity/Q12536,Abbasid Caliphate,,
http://www.wikidata.org/entity/Q273874,Buyid dynasty,,,,http://www.wikidata.org/entity/Q12536,Abbasid Caliphate,,
http://www.wikidata.org/entity/Q794,Iran,IR,130758,,http://www.wikidata.org/entity/Q12536,Abbasid Caliphate,,
http://www.wikidata.org/entity/Q83891,Sasanian Empire,,,,http://www.wikidata.org/entity/Q12536,Abbasid Caliphate,,
http://www.wikidata.org/entity/Q8575586,Umayyad Caliphate,,,,http://www.wikidata.org/entity/Q12536,Abbasid Caliphate,,
http://www.wikidata.org/entity/Q796,Iraq,IQ,99237,,http://www.wikidata.org/entity/Q12536,Abbasid Caliphate,,
http://www.wikidata.org/entity/Q1747689,Ancient Rome,,,,http://www.wikidata.org/entity/Q12544,Byzantine Empire,,
http://www.wikidata.org/entity/Q12560,Ottoman Empire,,,,http://www.wikidata.org/entity/Q12544,Byzantine Empire,,
http://www.wikidata.org/entity/Q159,Russia,RU,2017370,,http://www.wikidata.org/entity/Q12544,Byzantine Empire,,
http://www.wikidata.org/entity/Q230,Georgia,GE,614540,,http://www.wikidata.org/entity/Q12544,Byzantine Empire,,
http://www.wikidata.org/entity/Q2277,Roman Empire,,8354456,,http://www.wikidata.org/entity/Q12544,Byzantine Empire,,
http://www.wikidata.org/entity/Q212,Ukraine,UA,690791,,http://www.wikidata.org/entity/Q12544,Byzantine Empire,,
http://www.wikidata.org/entity/Q858,Syria,SY,163843,,http://www.wikidata.org/entity/Q12544,Byzantine Empire,,
http://www.wikidata.org/entity/Q83891,Sasanian Empire,,,,http://www.wikidata.org/entity/Q12544,Byzantine Empire,,
http://www.wikidata.org/entity/Q43,Turkey,TR,298795,,http://www.wikidata.org/entity/Q12544,Byzantine Empire,,
http://www.wikidata.org/entity/Q79,Egypt,EG,357994,,http://www.wikidata.org/entity/Q12544,Byzantine Empire,,
http://www.wikidata.org/entity/Q877875,Palmyrene Empire,,8378566,,http://www.wikidata.org/entity/Q12544,Byzantine Empire,,
http://www.wikidata.org/entity/Q93180,Seleucid Empire,,,,http://www.wikidata.org/entity/Q12544,Byzantine Empire,,
http://www.wikidata.org/entity/Q41,Greece,GR,390903,,http://www.wikidata.org/entity/Q12544,Byzantine Empire,,
http://www.wikidata.org/entity/Q183,Germany,DE,2921044,,http://www.wikidata.org/entity/Q12548,Holy Roman Empire,,
http://www.wikidata.org/entity/Q1206012,German Reich,,,,http://www.wikidata.org/entity/Q12548,Holy Roman Empire,,
http://www.wikidata.org/entity/Q154195,Kingdom of Bavaria,,,,http://www.wikidata.org/entity/Q12548,Holy Roman Empire,,
http://www.wikidata.org/entity/Q186320,Grand Duchy of Baden,,,,http://www.wikidata.org/entity/Q12548,Holy Roman Empire,,
http://www.wikidata.org/entity/Q212,Ukraine,UA,690791,,http://www.wikidata.org/entity/Q12548,Holy Roman Empire,,
http://www.wikidata.org/entity/Q38,Italy,IT,3175395,,http://www.wikidata.org/entity/Q12548,Holy Roman Empire,,
http://www.wikidata.org/entity/Q213,Czech Republic,CZ,3077311,,http://www.wikidata.org/entity/Q12548,Holy Roman Empire,,
http://www.wikidata.org/entity/Q7318,Nazi Germany,,,,http://www.wikidata.org/entity/Q12548,Holy Roman Empire,,
http://www.wikidata.org/entity/Q41304,Weimar Republic,,,,http://www.wikidata.org/entity/Q12548,Holy Roman Empire,,
http://www.wikidata.org/entity/Q690821,Republic of Baden,,,,http://www.wikidata.org/entity/Q12548,Holy Roman Empire,,
http://www.wikidata.org/entity/Q43287,German Empire,,,,http://www.wikidata.org/entity/Q12548,Holy Roman Empire,,
http://www.wikidata.org/entity/Q43,Turkey,TR,298795,,http://www.wikidata.org/entity/Q12557,Mongol Empire,,
http://www.wikidata.org/entity/Q12544,Byzantine Empire,,,,http://www.wikidata.org/entity/Q12560,Ottoman Empire,,
http://www.wikidata.org/entity/Q159,Russia,RU,2017370,,http://www.wikidata.org/entity/Q12560,Ottoman Empire,,
http://www.wikidata.org/entity/Q1016,Libya,LY,2215636,,http://www.wikidata.org/entity/Q12560,Ottoman Empire,,
http://www.wikidata.org/entity/Q1246,Kosovo,XK,831053,,http://www.wikidata.org/entity/Q12560,Ottoman Empire,,
http://www.wikidata.org/entity/Q236,Montenegro,ME,3194884,,http://www.wikidata.org/entity/Q12560,Ottoman Empire,,
http://www.wikidata.org/entity/Q221,North Macedonia,MK,718075,,http://www.wikidata.org/entity/Q12560,Ottoman Empire,,
http://www.wikidata.org/entity/Q219,Bulgaria,BG,732800,,http://www.wikidata.org/entity/Q12560,Ottoman Empire,,
http://www.wikidata.org/entity/Q2364248,Sulayhid dynasty,,,,http://www.wikidata.org/entity/Q12560,Ottoman Empire,,
http://www.wikidata.org/entity/Q229,Cyprus,CY,146669,,http://www.wikidata.org/entity/Q12560,Ottoman Empire,,
http://www.wikidata.org/entity/Q218,Romania,RO,798549,,http://www.wikidata.org/entity/Q12560,Ottoman Empire,,
http://www.wikidata.org/entity/Q217,Moldova,MD,617790,,http://www.wikidata.org/entity/Q12560,Ottoman Empire,,
http://www.wikidata.org/entity/Q219060,Palestine,PS,6254930,,http://www.wikidata.org/entity/Q12560,Ottoman Empire,,
http://www.wikidata.org/entity/Q230,Georgia,GE,614540,,http://www.wikidata.org/entity/Q12560,Ottoman Empire,,
http://www.wikidata.org/entity/Q225,Bosnia and Herzegovina,BA,3277605,,http://www.wikidata.org/entity/Q12560,Ottoman Empire,,
http://www.wikidata.org/entity/Q212,Ukraine,UA,690791,,http://www.wikidata.org/entity/Q12560,Ottoman Empire,,
http://www.wikidata.org/entity/Q227,Azerbaijan,AZ,587116,,http://www.wikidata.org/entity/Q12560,Ottoman Empire,,
http://www.wikidata.org/entity/Q222,Albania,AL,783754,,http://www.wikidata.org/entity/Q12560,Ottoman Empire,,
http://www.wikidata.org/entity/Q403,Serbia,RS,6290252,,http://www.wikidata.org/entity/Q12560,Ottoman Empire,,
http://www.wikidata.org/entity/Q874954,Principality of Theodoro,,,,http://www.wikidata.org/entity/Q12560,Ottoman Empire,,
http://www.wikidata.org/entity/Q41,Greece,GR,390903,,http://www.wikidata.org/entity/Q12560,Ottoman Empire,,
http://www.wikidata.org/entity/Q810,Jordan,JO,248816,,http://www.wikidata.org/entity/Q12560,Ottoman Empire,,
http://www.wikidata.org/entity/Q43,Turkey,TR,298795,,http://www.wikidata.org/entity/Q12560,Ottoman Empire,,
http://www.wikidata.org/entity/Q851,Saudi Arabia,SA,102358,,http://www.wikidata.org/entity/Q12560,Ottoman Empire,,
http://www.wikidata.org/entity/Q801,Israel,IL,294640,,http://www.wikidata.org/entity/Q12560,Ottoman Empire,,
http://www.wikidata.org/entity/Q399,Armenia,AM,174982,,http://www.wikidata.org/entity/Q12560,Ottoman Empire,,
http://www.wikidata.org/entity/Q858,Syria,SY,163843,,http://www.wikidata.org/entity/Q12560,Ottoman Empire,,
http://www.wikidata.org/entity/Q805,Yemen,YE,69543,,http://www.wikidata.org/entity/Q12560,Ottoman Empire,,
http://www.wikidata.org/entity/Q796,Iraq,IQ,99237,,http://www.wikidata.org/entity/Q12560,Ottoman Empire,,
http://www.wikidata.org/entity/Q822,Lebanon,LB,272103,,http://www.wikidata.org/entity/Q12560,Ottoman Empire,,
http://www.wikidata.org/entity/Q217,Moldova,MD,617790,,http://www.wikidata.org/entity/Q12714608,Fascist Romania,,
http://www.wikidata.org/entity/Q225,Bosnia and Herzegovina,BA,3277605,,http://www.wikidata.org/entity/Q1274468,Republic of Bosnia and Herzegovina,,
http://www.wikidata.org/entity/Q1246,Kosovo,XK,831053,,http://www.wikidata.org/entity/Q1277557,Democratic Federal Yugoslavia,,
http://www.wikidata.org/entity/Q224,Croatia,HR,3202326,,http://www.wikidata.org/entity/Q1277557,Democratic Federal Yugoslavia,,
http://www.wikidata.org/entity/Q236,Montenegro,ME,3194884,,http://www.wikidata.org/entity/Q1277557,Democratic Federal Yugoslavia,,
http://www.wikidata.org/entity/Q221,North Macedonia,MK,718075,,http://www.wikidata.org/entity/Q1277557,Democratic Federal Yugoslavia,,
http://www.wikidata.org/entity/Q403,Serbia,RS,6290252,,http://www.wikidata.org/entity/Q1277557,Democratic Federal Yugoslavia,,
http://www.wikidata.org/entity/Q79,Egypt,EG,357994,,http://www.wikidata.org/entity/Q127861,Khedivate of Egypt,,
http://www.wikidata.org/entity/Q273874,Buyid dynasty,,,,http://www.wikidata.org/entity/Q128904,Elam,,
http://www.wikidata.org/entity/Q93180,Seleucid Empire,,,,http://www.wikidata.org/entity/Q128904,Elam,,
http://www.wikidata.org/entity/Q83891,Sasanian Empire,,,,http://www.wikidata.org/entity/Q128904,Elam,,
http://www.wikidata.org/entity/Q794,Iran,IR,130758,,http://www.wikidata.org/entity/Q128904,Elam,,
http://www.wikidata.org/entity/Q723587,Third Dynasty of Ur,,,,http://www.wikidata.org/entity/Q128904,Elam,,
http://www.wikidata.org/entity/Q796,Iraq,IQ,99237,,http://www.wikidata.org/entity/Q128904,Elam,,
http://www.wikidata.org/entity/Q83311,Persian Empire,,,,http://www.wikidata.org/entity/Q128904,Elam,,
http://www.wikidata.org/entity/Q221,North Macedonia,MK,718075,,http://www.wikidata.org/entity/Q1290149,Federal People's Republic of Yugoslavia,,
http://www.wikidata.org/entity/Q236,Montenegro,ME,3194884,,http://www.wikidata.org/entity/Q1290149,Federal People's Republic of Yugoslavia,,
http://www.wikidata.org/entity/Q403,Serbia,RS,6290252,,http://www.wikidata.org/entity/Q1290149,Federal People's Republic of Yugoslavia,,
http://www.wikidata.org/entity/Q843,Pakistan,PK,1168579,,http://www.wikidata.org/entity/Q129286,British Raj,,
http://www.wikidata.org/entity/Q668,India,IN,1269750,,http://www.wikidata.org/entity/Q129286,British Raj,,
http://www.wikidata.org/entity/Q902,Bangladesh,BD,1210997,,http://www.wikidata.org/entity/Q129286,British Raj,,
http://www.wikidata.org/entity/Q230,Georgia,GE,614540,,http://www.wikidata.org/entity/Q130229,Georgian SSR,,
http://www.wikidata.org/entity/Q159,Russia,RU,2017370,,http://www.wikidata.org/entity/Q130280,Estonian Soviet Socialist Republic,,
http://www.wikidata.org/entity/Q117,Ghana,GH,2300660,,http://www.wikidata.org/entity/Q130654,Dutch Empire,,
http://www.wikidata.org/entity/Q30,United States,US,6252001,,http://www.wikidata.org/entity/Q130654,Dutch Empire,,
http://www.wikidata.org/entity/Q227,Azerbaijan,AZ,587116,,http://www.wikidata.org/entity/Q131337,Azerbaijan Soviet Socialist Republic,,
http://www.wikidata.org/entity/Q203493,Kingdom of Romania,,,,http://www.wikidata.org/entity/Q131964,Austrian Empire,,
http://www.wikidata.org/entity/Q1508143,Ukrainian State,,,,http://www.wikidata.org/entity/Q131964,Austrian Empire,,
http://www.wikidata.org/entity/Q207272,Second Polish Republic,,,,http://www.wikidata.org/entity/Q131964,Austrian Empire,,
http://www.wikidata.org/entity/Q183,Germany,DE,2921044,,http://www.wikidata.org/entity/Q131964,Austrian Empire,,
http://www.wikidata.org/entity/Q15180,Soviet Union,,8354411,,http://www.wikidata.org/entity/Q131964,Austrian Empire,,
http://www.wikidata.org/entity/Q172107,Polish–Lithuanian Commonwealth,,,,http://www.wikidata.org/entity/Q131964,Austrian Empire,,
http://www.wikidata.org/entity/Q140359,First Czechoslovak Republic,,,,http://www.wikidata.org/entity/Q131964,Austrian Empire,,
http://www.wikidata.org/entity/Q212,Ukraine,UA,690791,,http://www.wikidata.org/entity/Q131964,Austrian Empire,,
http://www.wikidata.org/entity/Q224,Croatia,HR,3202326,,http://www.wikidata.org/entity/Q131964,Austrian Empire,,
http://www.wikidata.org/entity/Q213,Czech Republic,CZ,3077311,,http://www.wikidata.org/entity/Q131964,Austrian Empire,,
http://www.wikidata.org/entity/Q28,Hungary,HU,719819,,http://www.wikidata.org/entity/Q131964,Austrian Empire,,
http://www.wikidata.org/entity/Q243610,Ukrainian People's Republic,,,,http://www.wikidata.org/entity/Q131964,Austrian Empire,,
http://www.wikidata.org/entity/Q36,Poland,PL,798544,,http://www.wikidata.org/entity/Q131964,Austrian Empire,,
http://www.wikidata.org/entity/Q218,Romania,RO,798549,,http://www.wikidata.org/entity/Q131964,Austrian Empire,,
http://www.wikidata.org/entity/Q33946,Czechoslovakia,,8505031,,http://www.wikidata.org/entity/Q131964,Austrian Empire,,
http://www.wikidata.org/entity/Q214,Slovakia,SK,3057568,,http://www.wikidata.org/entity/Q131964,Austrian Empire,,
http://www.wikidata.org/entity/Q28513,Austria–Hungary,,,,http://www.wikidata.org/entity/Q131964,Austrian Empire,,
http://www.wikidata.org/entity/Q215,Slovenia,SI,3190538,,http://www.wikidata.org/entity/Q131964,Austrian Empire,,
http://www.wikidata.org/entity/Q38,Italy,IT,3175395,,http://www.wikidata.org/entity/Q131964,Austrian Empire,,
http://www.wikidata.org/entity/Q403,Serbia,RS,6290252,,http://www.wikidata.org/entity/Q131964,Austrian Empire,,
http://www.wikidata.org/entity/Q40,Austria,AT,2782113,,http://www.wikidata.org/entity/Q131964,Austrian Empire,,
http://www.wikidata.org/entity/Q4470663,Ukrainian national government (1941),,,,http://www.wikidata.org/entity/Q131964,Austrian Empire,,
http://www.wikidata.org/entity/Q7318,Nazi Germany,,,,http://www.wikidata.org/entity/Q131964,Austrian Empire,,
http://www.wikidata.org/entity/Q457167,West Ukrainian People's Republic,,,,http://www.wikidata.org/entity/Q131964,Austrian Empire,,
http://www.wikidata.org/entity/Q819,Laos,LA,1655842,,http://www.wikidata.org/entity/Q1320058,French Protectorate of Laos,,
http://www.wikidata.org/entity/Q159,Russia,RU,2017370,,http://www.wikidata.org/entity/Q1322662,Principality of Chernigov,,
http://www.wikidata.org/entity/Q186096,Tsardom of Russia,,,,http://www.wikidata.org/entity/Q1322662,Principality of Chernigov,,
http://www.wikidata.org/entity/Q212,Ukraine,UA,690791,,http://www.wikidata.org/entity/Q1322662,Principality of Chernigov,,
http://www.wikidata.org/entity/Q34266,Russian Empire,,,,http://www.wikidata.org/entity/Q1322662,Principality of Chernigov,,
http://www.wikidata.org/entity/Q399,Armenia,AM,174982,,http://www.wikidata.org/entity/Q132856,Armenian Soviet Socialist Republic,,
http://www.wikidata.org/entity/Q199688,Almohad Caliphate,,,,http://www.wikidata.org/entity/Q1337854,Emirate of Córdoba,,
http://www.wikidata.org/entity/Q13534654,Taifa of Toledo,,,,http://www.wikidata.org/entity/Q1337854,Emirate of Córdoba,,
http://www.wikidata.org/entity/Q171740,Caliphate of Córdoba,,,,http://www.wikidata.org/entity/Q1337854,Emirate of Córdoba,,
http://www.wikidata.org/entity/Q276841,Taifa of Badajoz,,,,http://www.wikidata.org/entity/Q1337854,Emirate of Córdoba,,
http://www.wikidata.org/entity/Q2671329,Taifa of Calatayud,,,,http://www.wikidata.org/entity/Q1337854,Emirate of Córdoba,,
http://www.wikidata.org/entity/Q29,Spain,ES,2510769,,http://www.wikidata.org/entity/Q1337854,Emirate of Córdoba,,
http://www.wikidata.org/entity/Q33061,Taifa of Zaragoza,,,,http://www.wikidata.org/entity/Q1337854,Emirate of Córdoba,,
http://www.wikidata.org/entity/Q2235609,Taifa of Huesca,,,,http://www.wikidata.org/entity/Q1337854,Emirate of Córdoba,,
http://www.wikidata.org/entity/Q8575586,Umayyad Caliphate,,,,http://www.wikidata.org/entity/Q1337854,Emirate of Córdoba,,
http://www.wikidata.org/entity/Q75613,Almoravid dynasty,,,,http://www.wikidata.org/entity/Q1337854,Emirate of Córdoba,,
http://www.wikidata.org/entity/Q148,People's Republic of China,CN,1814991,,http://www.wikidata.org/entity/Q13426199,Republic of China,,
http://www.wikidata.org/entity/Q34266,Russian Empire,,,,http://www.wikidata.org/entity/Q13426199,Republic of China,,
http://www.wikidata.org/entity/Q30623,Manchukuo,,,,http://www.wikidata.org/entity/Q13426199,Republic of China,,
http://www.wikidata.org/entity/Q171740,Caliphate of Córdoba,,,,http://www.wikidata.org/entity/Q13534654,Taifa of Toledo,,
http://www.wikidata.org/entity/Q1337854,Emirate of Córdoba,,,,http://www.wikidata.org/entity/Q13534654,Taifa of Toledo,,
http://www.wikidata.org/entity/Q230,Georgia,GE,614540,,http://www.wikidata.org/entity/Q136884,Lazica,,
http://www.wikidata.org/entity/Q159,Russia,RU,2017370,,http://www.wikidata.org/entity/Q1392840,Rurik's state,,
http://www.wikidata.org/entity/Q15180,Soviet Union,,8354411,,http://www.wikidata.org/entity/Q139319,Russian Republic,,
http://www.wikidata.org/entity/Q184,Belarus,BY,630336,,http://www.wikidata.org/entity/Q139319,Russian Republic,,
http://www.wikidata.org/entity/Q159,Russia,RU,2017370,,http://www.wikidata.org/entity/Q139319,Russian Republic,,
http://www.wikidata.org/entity/Q191,Estonia,EE,453733,,http://www.wikidata.org/entity/Q139319,Russian Republic,,
http://www.wikidata.org/entity/Q2305208,Russian Socialist Federative Soviet Republic,,,,http://www.wikidata.org/entity/Q139319,Russian Republic,,
http://www.wikidata.org/entity/Q232,Kazakhstan,KZ,1522867,,http://www.wikidata.org/entity/Q139319,Russian Republic,,
http://www.wikidata.org/entity/Q217,Moldova,MD,617790,,http://www.wikidata.org/entity/Q139319,Russian Republic,,
http://www.wikidata.org/entity/Q211,Latvia,LV,458258,,http://www.wikidata.org/entity/Q139319,Russian Republic,,
http://www.wikidata.org/entity/Q265,Uzbekistan,UZ,1512440,,http://www.wikidata.org/entity/Q139319,Russian Republic,,
http://www.wikidata.org/entity/Q212,Ukraine,UA,690791,,http://www.wikidata.org/entity/Q139319,Russian Republic,,
http://www.wikidata.org/entity/Q230,Georgia,GE,614540,,http://www.wikidata.org/entity/Q139319,Russian Republic,,
http://www.wikidata.org/entity/Q34266,Russian Empire,,,,http://www.wikidata.org/entity/Q139319,Russian Republic,,
http://www.wikidata.org/entity/Q33,Finland,FI,660013,,http://www.wikidata.org/entity/Q139319,Russian Republic,,
http://www.wikidata.org/entity/Q874,Turkmenistan,TM,1218197,,http://www.wikidata.org/entity/Q139319,Russian Republic,,
http://www.wikidata.org/entity/Q813,Kyrgyzstan,KG,1527747,,http://www.wikidata.org/entity/Q139319,Russian Republic,,
http://www.wikidata.org/entity/Q15180,Soviet Union,,8354411,,http://www.wikidata.org/entity/Q139670,First Republic of Armenia,,
http://www.wikidata.org/entity/Q227,Azerbaijan,AZ,587116,,http://www.wikidata.org/entity/Q139670,First Republic of Armenia,,
http://www.wikidata.org/entity/Q399,Armenia,AM,174982,,http://www.wikidata.org/entity/Q139670,First Republic of Armenia,,
http://www.wikidata.org/entity/Q43,Turkey,TR,298795,,http://www.wikidata.org/entity/Q139670,First Republic of Armenia,,
http://www.wikidata.org/entity/Q858,Syria,SY,163843,,http://www.wikidata.org/entity/Q139708,French Mandate for Syria and the Lebanon,,
http://www.wikidata.org/entity/Q43,Turkey,TR,298795,,http://www.wikidata.org/entity/Q139708,French Mandate for Syria and the Lebanon,,
http://www.wikidata.org/entity/Q822,Lebanon,LB,272103,,http://www.wikidata.org/entity/Q139708,French Mandate for Syria and the Lebanon,,
http://www.wikidata.org/entity/Q131964,Austrian Empire,,,,http://www.wikidata.org/entity/Q140359,First Czechoslovak Republic,,
http://www.wikidata.org/entity/Q15180,Soviet Union,,8354411,,http://www.wikidata.org/entity/Q140359,First Czechoslovak Republic,,
http://www.wikidata.org/entity/Q28513,Austria–Hungary,,,,http://www.wikidata.org/entity/Q140359,First Czechoslovak Republic,,
http://www.wikidata.org/entity/Q214,Slovakia,SK,3057568,,http://www.wikidata.org/entity/Q140359,First Czechoslovak Republic,,
http://www.wikidata.org/entity/Q212,Ukraine,UA,690791,,http://www.wikidata.org/entity/Q140359,First Czechoslovak Republic,,
http://www.wikidata.org/entity/Q213,Czech Republic,CZ,3077311,,http://www.wikidata.org/entity/Q140359,First Czechoslovak Republic,,
http://www.wikidata.org/entity/Q1028,Morocco,MA,2542007,,http://www.wikidata.org/entity/Q142,France,FR,3017382
http://www.wikidata.org/entity/Q183,Germany,DE,2921044,,http://www.wikidata.org/entity/Q142,France,FR,3017382
http://www.wikidata.org/entity/Q1747689,Ancient Rome,,,,http://www.wikidata.org/entity/Q142,France,FR,3017382
http://www.wikidata.org/entity/Q145,United Kingdom,GB,2635167,,http://www.wikidata.org/entity/Q142,France,FR,3017382
http://www.wikidata.org/entity/Q31,Belgium,BE,2802361,,http://www.wikidata.org/entity/Q142,France,FR,3017382
http://www.wikidata.org/entity/Q29,Spain,ES,2510769,,http://www.wikidata.org/entity/Q142,France,FR,3017382
http://www.wikidata.org/entity/Q30,United States,US,6252001,,http://www.wikidata.org/entity/Q142,France,FR,3017382
http://www.wikidata.org/entity/Q2277,Roman Empire,,8354456,,http://www.wikidata.org/entity/Q142,France,FR,3017382
http://www.wikidata.org/entity/Q262,Algeria,DZ,2589581,,http://www.wikidata.org/entity/Q142,France,FR,3017382
http://www.wikidata.org/entity/Q32,Luxembourg,LU,2960313,,http://www.wikidata.org/entity/Q142,France,FR,3017382
http://www.wikidata.org/entity/Q347,Liechtenstein,LI,3042058,,http://www.wikidata.org/entity/Q142,France,FR,3017382
http://www.wikidata.org/entity/Q55,Netherlands,,2750405,,http://www.wikidata.org/entity/Q142,France,FR,3017382
http://www.wikidata.org/entity/Q730,Suriname,SR,3382998,,http://www.wikidata.org/entity/Q142,France,FR,3017382
http://www.wikidata.org/entity/Q881,Vietnam,VN,1562822,,http://www.wikidata.org/entity/Q142,France,FR,3017382
http://www.wikidata.org/entity/Q39,Switzerland,CH,2658434,,http://www.wikidata.org/entity/Q142,France,FR,3017382
http://www.wikidata.org/entity/Q426025,Duchy of Savoy,,,,http://www.wikidata.org/entity/Q142,France,FR,3017382
http://www.wikidata.org/entity/Q38,Italy,IT,3175395,,http://www.wikidata.org/entity/Q142,France,FR,3017382
http://www.wikidata.org/entity/Q945,Togo,TG,2363686,,http://www.wikidata.org/entity/Q142,France,FR,3017382
http://www.wikidata.org/entity/Q7318,Nazi Germany,,,,http://www.wikidata.org/entity/Q142,France,FR,3017382
http://www.wikidata.org/entity/Q69808,Vichy France,,,,http://www.wikidata.org/entity/Q142,France,FR,3017382
http://www.wikidata.org/entity/Q70972,Kingdom of France,,,,http://www.wikidata.org/entity/Q142,France,FR,3017382
http://www.wikidata.org/entity/Q40,Austria,AT,2782113,,http://www.wikidata.org/entity/Q142,France,FR,3017382
http://www.wikidata.org/entity/Q948,Tunisia,TN,2464461,,http://www.wikidata.org/entity/Q142,France,FR,3017382
http://www.wikidata.org/entity/Q786,Dominican Republic,DO,3508796,,http://www.wikidata.org/entity/Q142,France,FR,3017382
http://www.wikidata.org/entity/Q224,Croatia,HR,3202326,,http://www.wikidata.org/entity/Q1423581,Italian Regency of Carnaro,,
http://www.wikidata.org/entity/Q232,Kazakhstan,KZ,1522867,,http://www.wikidata.org/entity/Q1433867,Kazakh Khanate,,
http://www.wikidata.org/entity/Q1246,Kosovo,XK,831053,,http://www.wikidata.org/entity/Q1448131,Italian protectorate of Albania,,
http://www.wikidata.org/entity/Q403,Serbia,RS,6290252,,http://www.wikidata.org/entity/Q1448131,Italian protectorate of Albania,,
http://www.wikidata.org/entity/Q179876,Kingdom of England,,,,http://www.wikidata.org/entity/Q145,United Kingdom,GB,2635167
http://www.wikidata.org/entity/Q1747689,Ancient Rome,,,,http://www.wikidata.org/entity/Q145,United Kingdom,GB,2635167
http://www.wikidata.org/entity/Q174193,United Kingdom of Great Britain and Ireland,,,,http://www.wikidata.org/entity/Q145,United Kingdom,GB,2635167
http://www.wikidata.org/entity/Q161885,Kingdom of Great Britain,,,,http://www.wikidata.org/entity/Q145,United Kingdom,GB,2635167
http://www.wikidata.org/entity/Q142,France,FR,3017382,,http://www.wikidata.org/entity/Q145,United Kingdom,GB,2635167
http://www.wikidata.org/entity/Q148,People's Republic of China,CN,1814991,,http://www.wikidata.org/entity/Q145,United Kingdom,GB,2635167
http://www.wikidata.org/entity/Q183,Germany,DE,2921044,,http://www.wikidata.org/entity/Q145,United Kingdom,GB,2635167
http://www.wikidata.org/entity/Q31,Belgium,BE,2802361,,http://www.wikidata.org/entity/Q145,United Kingdom,GB,2635167
http://www.wikidata.org/entity/Q32,Luxembourg,LU,2960313,,http://www.wikidata.org/entity/Q145,United Kingdom,GB,2635167
http://www.wikidata.org/entity/Q347,Liechtenstein,LI,3042058,,http://www.wikidata.org/entity/Q145,United Kingdom,GB,2635167
http://www.wikidata.org/entity/Q229,Cyprus,CY,146669,,http://www.wikidata.org/entity/Q145,United Kingdom,GB,2635167
http://www.wikidata.org/entity/Q35,Denmark,DK,2623032,,http://www.wikidata.org/entity/Q145,United Kingdom,GB,2635167
http://www.wikidata.org/entity/Q30,United States,US,6252001,,http://www.wikidata.org/entity/Q145,United Kingdom,GB,2635167
http://www.wikidata.org/entity/Q27,Ireland,IE,2963597,,http://www.wikidata.org/entity/Q145,United Kingdom,GB,2635167
http://www.wikidata.org/entity/Q40,Austria,AT,2782113,,http://www.wikidata.org/entity/Q145,United Kingdom,GB,2635167
http://www.wikidata.org/entity/Q664,New Zealand,NZ,2186224,,http://www.wikidata.org/entity/Q145,United Kingdom,GB,2635167
http://www.wikidata.org/entity/Q38,Italy,IT,3175395,,http://www.wikidata.org/entity/Q145,United Kingdom,GB,2635167
http://www.wikidata.org/entity/Q414,Argentina,AR,3865483,,http://www.wikidata.org/entity/Q145,United Kingdom,GB,2635167
http://www.wikidata.org/entity/Q55,Netherlands,,2750405,,http://www.wikidata.org/entity/Q145,United Kingdom,GB,2635167
http://www.wikidata.org/entity/Q39,Switzerland,CH,2658434,,http://www.wikidata.org/entity/Q145,United Kingdom,GB,2635167
http://www.wikidata.org/entity/Q733,Paraguay,PY,3437598,,http://www.wikidata.org/entity/Q145,United Kingdom,GB,2635167
http://www.wikidata.org/entity/Q408,Australia,AU,2077456,,http://www.wikidata.org/entity/Q145,United Kingdom,GB,2635167
http://www.wikidata.org/entity/Q858,Syria,SY,163843,,http://www.wikidata.org/entity/Q146600,Arab Kingdom of Syria,,
http://www.wikidata.org/entity/Q796,Iraq,IQ,99237,,http://www.wikidata.org/entity/Q146720,Mandatory Iraq,,
http://www.wikidata.org/entity/Q43,Turkey,TR,298795,,http://www.wikidata.org/entity/Q146761,Hatay State,,
http://www.wikidata.org/entity/Q252,Indonesia,ID,1643084,,http://www.wikidata.org/entity/Q1469742,Sunda Kingdom,,
http://www.wikidata.org/entity/Q219,Bulgaria,BG,732800,,http://www.wikidata.org/entity/Q147909,Kingdom of Bulgaria,,
http://www.wikidata.org/entity/Q221,North Macedonia,MK,718075,,http://www.wikidata.org/entity/Q147909,Kingdom of Bulgaria,,
http://www.wikidata.org/entity/Q13426199,Republic of China,,,,http://www.wikidata.org/entity/Q148,People's Republic of China,CN,1814991
http://www.wikidata.org/entity/Q175379,Empire of China,,,,http://www.wikidata.org/entity/Q148,People's Republic of China,CN,1814991
http://www.wikidata.org/entity/Q320930,Cao Wei,,,,http://www.wikidata.org/entity/Q148,People's Republic of China,CN,1814991
http://www.wikidata.org/entity/Q34266,Russian Empire,,,,http://www.wikidata.org/entity/Q148,People's Republic of China,CN,1814991
http://www.wikidata.org/entity/Q3486676,Taiping Heavenly Kingdom,,,,http://www.wikidata.org/entity/Q148,People's Republic of China,CN,1814991
http://www.wikidata.org/entity/Q2444884,Tibet,,,,http://www.wikidata.org/entity/Q148,People's Republic of China,CN,1814991
http://www.wikidata.org/entity/Q668,India,IN,1269750,,http://www.wikidata.org/entity/Q148,People's Republic of China,CN,1814991
http://www.wikidata.org/entity/Q813,Kyrgyzstan,KG,1527747,,http://www.wikidata.org/entity/Q148,People's Republic of China,CN,1814991
http://www.wikidata.org/entity/Q837,Nepal,NP,1282988,,http://www.wikidata.org/entity/Q148,People's Republic of China,CN,1814991
http://www.wikidata.org/entity/Q36,Poland,PL,798544,,http://www.wikidata.org/entity/Q148499,Margraviate of Brandenburg,,
http://www.wikidata.org/entity/Q796,Iraq,IQ,99237,,http://www.wikidata.org/entity/Q149805,Kingdom of Iraq,,
http://www.wikidata.org/entity/Q207272,Second Polish Republic,,,,http://www.wikidata.org/entity/Q1508143,Ukrainian State,,
http://www.wikidata.org/entity/Q159,Russia,RU,2017370,,http://www.wikidata.org/entity/Q1508143,Ukrainian State,,
http://www.wikidata.org/entity/Q15180,Soviet Union,,8354411,,http://www.wikidata.org/entity/Q1508143,Ukrainian State,,
http://www.wikidata.org/entity/Q217,Moldova,MD,617790,,http://www.wikidata.org/entity/Q1508143,Ukrainian State,,
http://www.wikidata.org/entity/Q28513,Austria–Hungary,,,,http://www.wikidata.org/entity/Q1508143,Ukrainian State,,
http://www.wikidata.org/entity/Q212,Ukraine,UA,690791,,http://www.wikidata.org/entity/Q1508143,Ukrainian State,,
http://www.wikidata.org/entity/Q457167,West Ukrainian People's Republic,,,,http://www.wikidata.org/entity/Q1508143,Ukrainian State,,
http://www.wikidata.org/entity/Q183,Germany,DE,2921044,,http://www.wikidata.org/entity/Q150981,North German Confederation,,
http://www.wikidata.org/entity/Q159,Russia,RU,2017370,,http://www.wikidata.org/entity/Q150981,North German Confederation,,
http://www.wikidata.org/entity/Q1246,Kosovo,XK,831053,,http://www.wikidata.org/entity/Q15102440,"Kingdom of Serbs, Croats and Slovenes",,
http://www.wikidata.org/entity/Q236,Montenegro,ME,3194884,,http://www.wikidata.org/entity/Q15102440,"Kingdom of Serbs, Croats and Slovenes",,
http://www.wikidata.org/entity/Q224,Croatia,HR,3202326,,http://www.wikidata.org/entity/Q15102440,"Kingdom of Serbs, Croats and Slovenes",,
http://www.wikidata.org/entity/Q221,North Macedonia,MK,718075,,http://www.wikidata.org/entity/Q15102440,"Kingdom of Serbs, Croats and Slovenes",,
http://www.wikidata.org/entity/Q218,Romania,RO,798549,,http://www.wikidata.org/entity/Q15102440,"Kingdom of Serbs, Croats and Slovenes",,
http://www.wikidata.org/entity/Q215,Slovenia,SI,3190538,,http://www.wikidata.org/entity/Q15102440,"Kingdom of Serbs, Croats and Slovenes",,
http://www.wikidata.org/entity/Q403,Serbia,RS,6290252,,http://www.wikidata.org/entity/Q15102440,"Kingdom of Serbs, Croats and Slovenes",,
http://www.wikidata.org/entity/Q159,Russia,RU,2017370,,http://www.wikidata.org/entity/Q151536,Novgorod Republic,,
http://www.wikidata.org/entity/Q186096,Tsardom of Russia,,,,http://www.wikidata.org/entity/Q15180,Soviet Union,,8354411
http://www.wikidata.org/entity/Q139319,Russian Republic,,,,http://www.wikidata.org/entity/Q15180,Soviet Union,,8354411
http://www.wikidata.org/entity/Q140359,First Czechoslovak Republic,,,,http://www.wikidata.org/entity/Q15180,Soviet Union,,8354411
http://www.wikidata.org/entity/Q203493,Kingdom of Romania,,,,http://www.wikidata.org/entity/Q15180,Soviet Union,,8354411
http://www.wikidata.org/entity/Q186537,Khanate of Qazan,,,,http://www.wikidata.org/entity/Q15180,Soviet Union,,8354411
http://www.wikidata.org/entity/Q184,Belarus,BY,630336,,http://www.wikidata.org/entity/Q15180,Soviet Union,,8354411
http://www.wikidata.org/entity/Q172107,Polish–Lithuanian Commonwealth,,,,http://www.wikidata.org/entity/Q15180,Soviet Union,,8354411
http://www.wikidata.org/entity/Q191,Estonia,EE,453733,,http://www.wikidata.org/entity/Q15180,Soviet Union,,8354411
http://www.wikidata.org/entity/Q159,Russia,RU,2017370,,http://www.wikidata.org/entity/Q15180,Soviet Union,,8354411
http://www.wikidata.org/entity/Q131964,Austrian Empire,,,,http://www.wikidata.org/entity/Q15180,Soviet Union,,8354411
http://www.wikidata.org/entity/Q1508143,Ukrainian State,,,,http://www.wikidata.org/entity/Q15180,Soviet Union,,8354411
http://www.wikidata.org/entity/Q207272,Second Polish Republic,,,,http://www.wikidata.org/entity/Q15180,Soviet Union,,8354411
http://www.wikidata.org/entity/Q2305208,Russian Socialist Federative Soviet Republic,,,,http://www.wikidata.org/entity/Q15180,Soviet Union,,8354411
http://www.wikidata.org/entity/Q230,Georgia,GE,614540,,http://www.wikidata.org/entity/Q15180,Soviet Union,,8354411
http://www.wikidata.org/entity/Q36,Poland,PL,798544,,http://www.wikidata.org/entity/Q15180,Soviet Union,,8354411
http://www.wikidata.org/entity/Q34266,Russian Empire,,,,http://www.wikidata.org/entity/Q15180,Soviet Union,,8354411
http://www.wikidata.org/entity/Q212,Ukraine,UA,690791,,http://www.wikidata.org/entity/Q15180,Soviet Union,,8354411
http://www.wikidata.org/entity/Q232,Kazakhstan,KZ,1522867,,http://www.wikidata.org/entity/Q15180,Soviet Union,,8354411
http://www.wikidata.org/entity/Q33,Finland,FI,660013,,http://www.wikidata.org/entity/Q15180,Soviet Union,,8354411
http://www.wikidata.org/entity/Q211,Latvia,LV,458258,,http://www.wikidata.org/entity/Q15180,Soviet Union,,8354411
http://www.wikidata.org/entity/Q217,Moldova,MD,617790,,http://www.wikidata.org/entity/Q15180,Soviet Union,,8354411
http://www.wikidata.org/entity/Q227,Azerbaijan,AZ,587116,,http://www.wikidata.org/entity/Q15180,Soviet Union,,8354411
http://www.wikidata.org/entity/Q265,Uzbekistan,UZ,1512440,,http://www.wikidata.org/entity/Q15180,Soviet Union,,8354411
http://www.wikidata.org/entity/Q37,Lithuania,LT,597427,,http://www.wikidata.org/entity/Q15180,Soviet Union,,8354411
http://www.wikidata.org/entity/Q28513,Austria–Hungary,,,,http://www.wikidata.org/entity/Q15180,Soviet Union,,8354411
http://www.wikidata.org/entity/Q243610,Ukrainian People's Republic,,,,http://www.wikidata.org/entity/Q15180,Soviet Union,,8354411
http://www.wikidata.org/entity/Q49683,Grand Duchy of Lithuania,,,,http://www.wikidata.org/entity/Q15180,Soviet Union,,8354411
http://www.wikidata.org/entity/Q7318,Nazi Germany,,,,http://www.wikidata.org/entity/Q15180,Soviet Union,,8354411
http://www.wikidata.org/entity/Q4470663,Ukrainian national government (1941),,,,http://www.wikidata.org/entity/Q15180,Soviet Union,,8354411
http://www.wikidata.org/entity/Q457167,West Ukrainian People's Republic,,,,http://www.wikidata.org/entity/Q15180,Soviet Union,,8354411
http://www.wikidata.org/entity/Q874,Turkmenistan,TM,1218197,,http://www.wikidata.org/entity/Q15180,Soviet Union,,8354411
http://www.wikidata.org/entity/Q813,Kyrgyzstan,KG,1527747,,http://www.wikidata.org/entity/Q15180,Soviet Union,,8354411
http://www.wikidata.org/entity/Q964024,Moldavian Democratic Republic,,,,http://www.wikidata.org/entity/Q15180,Soviet Union,,8354411
http://www.wikidata.org/entity/Q399,Armenia,AM,174982,,http://www.wikidata.org/entity/Q15180,Soviet Union,,8354411
http://www.wikidata.org/entity/Q863,Tajikistan,TJ,1220409,,http://www.wikidata.org/entity/Q15180,Soviet Union,,8354411
http://www.wikidata.org/entity/Q874954,Principality of Theodoro,,,,http://www.wikidata.org/entity/Q15180,Soviet Union,,8354411
http://www.wikidata.org/entity/Q79965,Golden Horde,,,,http://www.wikidata.org/entity/Q15180,Soviet Union,,8354411
http://www.wikidata.org/entity/Q37,Lithuania,LT,597427,,http://www.wikidata.org/entity/Q152115,Duchy of Warsaw,,
http://www.wikidata.org/entity/Q36,Poland,PL,798544,,http://www.wikidata.org/entity/Q152115,Duchy of Warsaw,,
http://www.wikidata.org/entity/Q213,Czech Republic,CZ,3077311,,http://www.wikidata.org/entity/Q152750,Protectorate of Bohemia and Moravia,,
http://www.wikidata.org/entity/Q183,Germany,DE,2921044,,http://www.wikidata.org/entity/Q153015,Kingdom of Saxony,,
http://www.wikidata.org/entity/Q156020,State of the Teutonic Order,,,,http://www.wikidata.org/entity/Q153091,Duchy of Prussia,,
http://www.wikidata.org/entity/Q27306,Kingdom of Prussia,,,,http://www.wikidata.org/entity/Q153091,Duchy of Prussia,,
http://www.wikidata.org/entity/Q36,Poland,PL,798544,,http://www.wikidata.org/entity/Q153091,Duchy of Prussia,,
http://www.wikidata.org/entity/Q225,Bosnia and Herzegovina,BA,3277605,,http://www.wikidata.org/entity/Q153128,Independent State of Croatia,,
http://www.wikidata.org/entity/Q224,Croatia,HR,3202326,,http://www.wikidata.org/entity/Q153128,Independent State of Croatia,,
http://www.wikidata.org/entity/Q403,Serbia,RS,6290252,,http://www.wikidata.org/entity/Q153128,Independent State of Croatia,,
http://www.wikidata.org/entity/Q1508143,Ukrainian State,,,,http://www.wikidata.org/entity/Q153136,Habsburg monarchy,,
http://www.wikidata.org/entity/Q15180,Soviet Union,,8354411,,http://www.wikidata.org/entity/Q153136,Habsburg monarchy,,
http://www.wikidata.org/entity/Q28513,Austria–Hungary,,,,http://www.wikidata.org/entity/Q153136,Habsburg monarchy,,
http://www.wikidata.org/entity/Q38,Italy,IT,3175395,,http://www.wikidata.org/entity/Q153136,Habsburg monarchy,,
http://www.wikidata.org/entity/Q215,Slovenia,SI,3190538,,http://www.wikidata.org/entity/Q153136,Habsburg monarchy,,
http://www.wikidata.org/entity/Q36,Poland,PL,798544,,http://www.wikidata.org/entity/Q153136,Habsburg monarchy,,
http://www.wikidata.org/entity/Q218,Romania,RO,798549,,http://www.wikidata.org/entity/Q153136,Habsburg monarchy,,
http://www.wikidata.org/entity/Q224,Croatia,HR,3202326,,http://www.wikidata.org/entity/Q153136,Habsburg monarchy,,
http://www.wikidata.org/entity/Q214,Slovakia,SK,3057568,,http://www.wikidata.org/entity/Q153136,Habsburg monarchy,,
http://www.wikidata.org/entity/Q28,Hungary,HU,719819,,http://www.wikidata.org/entity/Q153136,Habsburg monarchy,,
http://www.wikidata.org/entity/Q212,Ukraine,UA,690791,,http://www.wikidata.org/entity/Q153136,Habsburg monarchy,,
http://www.wikidata.org/entity/Q213,Czech Republic,CZ,3077311,,http://www.wikidata.org/entity/Q153136,Habsburg monarchy,,
http://www.wikidata.org/entity/Q42585,Kingdom of Bohemia,,,,http://www.wikidata.org/entity/Q153136,Habsburg monarchy,,
http://www.wikidata.org/entity/Q403,Serbia,RS,6290252,,http://www.wikidata.org/entity/Q153136,Habsburg monarchy,,
http://www.wikidata.org/entity/Q40,Austria,AT,2782113,,http://www.wikidata.org/entity/Q153136,Habsburg monarchy,,
http://www.wikidata.org/entity/Q172579,Kingdom of Italy,,,,http://www.wikidata.org/entity/Q153529,Duchy of Milan,,
http://www.wikidata.org/entity/Q209857,Kingdom of Lombardy–Venetia,,,,http://www.wikidata.org/entity/Q153529,Duchy of Milan,,
http://www.wikidata.org/entity/Q2577303,Kingdom of Sardinia,,,,http://www.wikidata.org/entity/Q153529,Duchy of Milan,,
http://www.wikidata.org/entity/Q38,Italy,IT,3175395,,http://www.wikidata.org/entity/Q153529,Duchy of Milan,,
http://www.wikidata.org/entity/Q223936,Kingdom of Italy,,,,http://www.wikidata.org/entity/Q153529,Duchy of Milan,,
http://www.wikidata.org/entity/Q426025,Duchy of Savoy,,,,http://www.wikidata.org/entity/Q153529,Duchy of Milan,,
http://www.wikidata.org/entity/Q3932080,Kingdom of Sardinia and Corsica,,,,http://www.wikidata.org/entity/Q153529,Duchy of Milan,,
http://www.wikidata.org/entity/Q1030,Namibia,NA,3355338,,http://www.wikidata.org/entity/Q153665,German South-West Africa,,
http://www.wikidata.org/entity/Q183,Germany,DE,2921044,,http://www.wikidata.org/entity/Q153943,Kingdom of Westphalia,,
http://www.wikidata.org/entity/Q1037,Rwanda,RW,49518,,http://www.wikidata.org/entity/Q153963,German East Africa,,
http://www.wikidata.org/entity/Q924,Tanzania,TZ,149590,,http://www.wikidata.org/entity/Q153963,German East Africa,,
http://www.wikidata.org/entity/Q1206012,German Reich,,,,http://www.wikidata.org/entity/Q154195,Kingdom of Bavaria,,
http://www.wikidata.org/entity/Q183,Germany,DE,2921044,,http://www.wikidata.org/entity/Q154195,Kingdom of Bavaria,,
http://www.wikidata.org/entity/Q12548,Holy Roman Empire,,,,http://www.wikidata.org/entity/Q154195,Kingdom of Bavaria,,
http://www.wikidata.org/entity/Q43287,German Empire,,,,http://www.wikidata.org/entity/Q154195,Kingdom of Bavaria,,
http://www.wikidata.org/entity/Q7318,Nazi Germany,,,,http://www.wikidata.org/entity/Q154195,Kingdom of Bavaria,,
http://www.wikidata.org/entity/Q40,Austria,AT,2782113,,http://www.wikidata.org/entity/Q154195,Kingdom of Bavaria,,
http://www.wikidata.org/entity/Q41304,Weimar Republic,,,,http://www.wikidata.org/entity/Q154195,Kingdom of Bavaria,,
http://www.wikidata.org/entity/Q214,Slovakia,SK,3057568,,http://www.wikidata.org/entity/Q154401,Slovak Republic,,
http://www.wikidata.org/entity/Q230,Georgia,GE,614540,,http://www.wikidata.org/entity/Q154667,Kingdom of Georgia,,
http://www.wikidata.org/entity/Q38,Italy,IT,3175395,,http://www.wikidata.org/entity/Q154849,Grand Duchy of Tuscany,,
http://www.wikidata.org/entity/Q200464,Portuguese Empire,,,,http://www.wikidata.org/entity/Q155,Brazil,BR,3469034
http://www.wikidata.org/entity/Q17,Japan,JP,1861060,,http://www.wikidata.org/entity/Q155,Brazil,BR,3469034
http://www.wikidata.org/entity/Q221357,Dutch Brazil,,,,http://www.wikidata.org/entity/Q155,Brazil,BR,3469034
http://www.wikidata.org/entity/Q29,Spain,ES,2510769,,http://www.wikidata.org/entity/Q155,Brazil,BR,3469034
http://www.wikidata.org/entity/Q884,South Korea,KR,1835841,,http://www.wikidata.org/entity/Q155,Brazil,BR,3469034
http://www.wikidata.org/entity/Q869,Thailand,TH,1605651,,http://www.wikidata.org/entity/Q155,Brazil,BR,3469034
http://www.wikidata.org/entity/Q408,Australia,AU,2077456,,http://www.wikidata.org/entity/Q155,Brazil,BR,3469034
http://www.wikidata.org/entity/Q159,Russia,RU,2017370,,http://www.wikidata.org/entity/Q15535871,Uzbek Khanate,,
http://www.wikidata.org/entity/Q29,Spain,ES,2510769,,http://www.wikidata.org/entity/Q15581,Principality of Catalonia,,
http://www.wikidata.org/entity/Q153091,Duchy of Prussia,,,,http://www.wikidata.org/entity/Q156020,State of the Teutonic Order,,
http://www.wikidata.org/entity/Q27306,Kingdom of Prussia,,,,http://www.wikidata.org/entity/Q156020,State of the Teutonic Order,,
http://www.wikidata.org/entity/Q183,Germany,DE,2921044,,http://www.wikidata.org/entity/Q156199,Electorate of Saxony,,
http://www.wikidata.org/entity/Q30,United States,US,6252001,,http://www.wikidata.org/entity/Q156418,Kingdom of Hawaiʻi,,
http://www.wikidata.org/entity/Q183,Germany,DE,2921044,,http://www.wikidata.org/entity/Q157013,Hohenzollern-Sigmaringen,,
http://www.wikidata.org/entity/Q843,Pakistan,PK,1168579,,http://www.wikidata.org/entity/Q157734,Muscat and Oman,,
http://www.wikidata.org/entity/Q843,Pakistan,PK,1168579,,http://www.wikidata.org/entity/Q157734,Muscat and Oman,,
http://www.wikidata.org/entity/Q924,Tanzania,TZ,149590,,http://www.wikidata.org/entity/Q157904,Sultanate of Zanzibar,,
http://www.wikidata.org/entity/Q31,Belgium,BE,2802361,,http://www.wikidata.org/entity/Q15864,United Kingdom of the Netherlands,,
http://www.wikidata.org/entity/Q55,Netherlands,,2750405,,http://www.wikidata.org/entity/Q15864,United Kingdom of the Netherlands,,
http://www.wikidata.org/entity/Q186537,Khanate of Qazan,,,,http://www.wikidata.org/entity/Q159,Russia,RU,2017370
http://www.wikidata.org/entity/Q186096,Tsardom of Russia,,,,http://www.wikidata.org/entity/Q159,Russia,RU,2017370
http://www.wikidata.org/entity/Q139319,Russian Republic,,,,http://www.wikidata.org/entity/Q159,Russia,RU,2017370
http://www.wikidata.org/entity/Q170770,Grand Principality of Moscow,,,,http://www.wikidata.org/entity/Q159,Russia,RU,2017370
http://www.wikidata.org/entity/Q1206012,German Reich,,,,http://www.wikidata.org/entity/Q159,Russia,RU,2017370
http://www.wikidata.org/entity/Q17,Japan,JP,1861060,,http://www.wikidata.org/entity/Q159,Russia,RU,2017370
http://www.wikidata.org/entity/Q185488,Volga Bulgaria,,,,http://www.wikidata.org/entity/Q159,Russia,RU,2017370
http://www.wikidata.org/entity/Q117,Ghana,GH,2300660,,http://www.wikidata.org/entity/Q159,Russia,RU,2017370
http://www.wikidata.org/entity/Q15180,Soviet Union,,8354411,,http://www.wikidata.org/entity/Q159,Russia,RU,2017370
http://www.wikidata.org/entity/Q34266,Russian Empire,,,,http://www.wikidata.org/entity/Q159,Russia,RU,2017370
http://www.wikidata.org/entity/Q2305208,Russian Socialist Federative Soviet Republic,,,,http://www.wikidata.org/entity/Q159,Russia,RU,2017370
http://www.wikidata.org/entity/Q232,Kazakhstan,KZ,1522867,,http://www.wikidata.org/entity/Q159,Russia,RU,2017370
http://www.wikidata.org/entity/Q33,Finland,FI,660013,,http://www.wikidata.org/entity/Q159,Russia,RU,2017370
http://www.wikidata.org/entity/Q212,Ukraine,UA,690791,,http://www.wikidata.org/entity/Q159,Russia,RU,2017370
http://www.wikidata.org/entity/Q27306,Kingdom of Prussia,,,,http://www.wikidata.org/entity/Q159,Russia,RU,2017370
http://www.wikidata.org/entity/Q227,Azerbaijan,AZ,587116,,http://www.wikidata.org/entity/Q159,Russia,RU,2017370
http://www.wikidata.org/entity/Q79965,Golden Horde,,,,http://www.wikidata.org/entity/Q159,Russia,RU,2017370
http://www.wikidata.org/entity/Q874954,Principality of Theodoro,,,,http://www.wikidata.org/entity/Q159,Russia,RU,2017370
http://www.wikidata.org/entity/Q38872,Prussia,,,,http://www.wikidata.org/entity/Q159,Russia,RU,2017370
http://www.wikidata.org/entity/Q863,Tajikistan,TJ,1220409,,http://www.wikidata.org/entity/Q15956918,Qunduz Khanate,,
http://www.wikidata.org/entity/Q183,Germany,DE,2921044,,http://www.wikidata.org/entity/Q159631,Kingdom of Württemberg,,
http://www.wikidata.org/entity/Q1206012,German Reich,,,,http://www.wikidata.org/entity/Q159631,Kingdom of Württemberg,,
http://www.wikidata.org/entity/Q30,United States,US,6252001,,http://www.wikidata.org/entity/Q16,Canada,CA,6251999
http://www.wikidata.org/entity/Q948,Tunisia,TN,2464461,,http://www.wikidata.org/entity/Q160307,Fatimid Caliphate,,
http://www.wikidata.org/entity/Q159,Russia,RU,2017370,,http://www.wikidata.org/entity/Q160440,Crimean Khanate,,
http://www.wikidata.org/entity/Q212,Ukraine,UA,690791,,http://www.wikidata.org/entity/Q160440,Crimean Khanate,,
http://www.wikidata.org/entity/Q159,Russia,RU,2017370,,http://www.wikidata.org/entity/Q1606043,Siberian Republic,,
http://www.wikidata.org/entity/Q403,Serbia,RS,6290252,,http://www.wikidata.org/entity/Q16086793,Revolutionary Serbia,,
http://www.wikidata.org/entity/Q174193,United Kingdom of Great Britain and Ireland,,,,http://www.wikidata.org/entity/Q161885,Kingdom of Great Britain,,
http://www.wikidata.org/entity/Q145,United Kingdom,GB,2635167,,http://www.wikidata.org/entity/Q161885,Kingdom of Great Britain,,
http://www.wikidata.org/entity/Q227,Azerbaijan,AZ,587116,,http://www.wikidata.org/entity/Q1636212,Karabakh Khanate,,
http://www.wikidata.org/entity/Q183,Germany,DE,2921044,,http://www.wikidata.org/entity/Q164079,Kingdom of Hanover,,
http://www.wikidata.org/entity/Q27306,Kingdom of Prussia,,,,http://www.wikidata.org/entity/Q164079,Kingdom of Hanover,,
http://www.wikidata.org/entity/Q28,Hungary,HU,719819,,http://www.wikidata.org/entity/Q16410,Hungarian People's Republic,,
http://www.wikidata.org/entity/Q142,France,FR,3017382,,http://www.wikidata.org/entity/Q165154,Kingdom of Sardinia,,
http://www.wikidata.org/entity/Q38,Italy,IT,3175395,,http://www.wikidata.org/entity/Q165154,Kingdom of Sardinia,,
http://www.wikidata.org/entity/Q183,Germany,DE,2921044,,http://www.wikidata.org/entity/Q16550783,Duchy of Anhalt,,
http://www.wikidata.org/entity/Q1041,Senegal,SN,2245662,,http://www.wikidata.org/entity/Q16674373,République du Djéguéme,,
http://www.wikidata.org/entity/Q212,Ukraine,UA,690791,,http://www.wikidata.org/entity/Q16692637,Russian republic,,
http://www.wikidata.org/entity/Q183,Germany,DE,2921044,,http://www.wikidata.org/entity/Q16957,German Democratic Republic,DD,8354410
http://www.wikidata.org/entity/Q1206012,German Reich,,,,http://www.wikidata.org/entity/Q16957,German Democratic Republic,DD,8354410
http://www.wikidata.org/entity/Q109252949,Duchy of Mecklenburg,,,,http://www.wikidata.org/entity/Q16957,German Democratic Republic,DD,8354410
http://www.wikidata.org/entity/Q155,Brazil,BR,3469034,,http://www.wikidata.org/entity/Q17,Japan,JP,1861060
http://www.wikidata.org/entity/Q205662,Tokugawa shogunate,,,,http://www.wikidata.org/entity/Q17,Japan,JP,1861060
http://www.wikidata.org/entity/Q159,Russia,RU,2017370,,http://www.wikidata.org/entity/Q17,Japan,JP,1861060
http://www.wikidata.org/entity/Q869,Thailand,TH,1605651,,http://www.wikidata.org/entity/Q17,Japan,JP,1861060
http://www.wikidata.org/entity/Q884,South Korea,KR,1835841,,http://www.wikidata.org/entity/Q17,Japan,JP,1861060
http://www.wikidata.org/entity/Q408,Australia,AU,2077456,,http://www.wikidata.org/entity/Q17,Japan,JP,1861060
http://www.wikidata.org/entity/Q55,Netherlands,,2750405,,http://www.wikidata.org/entity/Q170072,Dutch Republic,,
http://www.wikidata.org/entity/Q172579,Kingdom of Italy,,,,http://www.wikidata.org/entity/Q170174,Papal States,,
http://www.wikidata.org/entity/Q38,Italy,IT,3175395,,http://www.wikidata.org/entity/Q170174,Papal States,,
http://www.wikidata.org/entity/Q227,Azerbaijan,AZ,587116,,http://www.wikidata.org/entity/Q1703449,Shaki Khanate,,
http://www.wikidata.org/entity/Q219060,Palestine,PS,6254930,,http://www.wikidata.org/entity/Q170468,United Arab Republic,,
http://www.wikidata.org/entity/Q159,Russia,RU,2017370,,http://www.wikidata.org/entity/Q170770,Grand Principality of Moscow,,
http://www.wikidata.org/entity/Q186096,Tsardom of Russia,,,,http://www.wikidata.org/entity/Q170770,Grand Principality of Moscow,,
http://www.wikidata.org/entity/Q34266,Russian Empire,,,,http://www.wikidata.org/entity/Q170770,Grand Principality of Moscow,,
http://www.wikidata.org/entity/Q15180,Soviet Union,,8354411,,http://www.wikidata.org/entity/Q171150,Kingdom of Hungary,,
http://www.wikidata.org/entity/Q214,Slovakia,SK,3057568,,http://www.wikidata.org/entity/Q171150,Kingdom of Hungary,,
http://www.wikidata.org/entity/Q218,Romania,RO,798549,,http://www.wikidata.org/entity/Q171150,Kingdom of Hungary,,
http://www.wikidata.org/entity/Q28,Hungary,HU,719819,,http://www.wikidata.org/entity/Q171150,Kingdom of Hungary,,
http://www.wikidata.org/entity/Q212,Ukraine,UA,690791,,http://www.wikidata.org/entity/Q171150,Kingdom of Hungary,,
http://www.wikidata.org/entity/Q224,Croatia,HR,3202326,,http://www.wikidata.org/entity/Q171150,Kingdom of Hungary,,
http://www.wikidata.org/entity/Q403,Serbia,RS,6290252,,http://www.wikidata.org/entity/Q171150,Kingdom of Hungary,,
http://www.wikidata.org/entity/Q212,Ukraine,UA,690791,,http://www.wikidata.org/entity/Q171348,Crown of the Kingdom of Poland,,
http://www.wikidata.org/entity/Q199688,Almohad Caliphate,,,,http://www.wikidata.org/entity/Q171740,Caliphate of Córdoba,,
http://www.wikidata.org/entity/Q104192511,Taifa of Valencia (second period),,,,http://www.wikidata.org/entity/Q171740,Caliphate of Córdoba,,
http://www.wikidata.org/entity/Q104192518,Taifa of Valencia (third period),,,,http://www.wikidata.org/entity/Q171740,Caliphate of Córdoba,,
http://www.wikidata.org/entity/Q13534654,Taifa of Toledo,,,,http://www.wikidata.org/entity/Q171740,Caliphate of Córdoba,,
http://www.wikidata.org/entity/Q1337854,Emirate of Córdoba,,,,http://www.wikidata.org/entity/Q171740,Caliphate of Córdoba,,
http://www.wikidata.org/entity/Q29,Spain,ES,2510769,,http://www.wikidata.org/entity/Q171740,Caliphate of Córdoba,,
http://www.wikidata.org/entity/Q2671329,Taifa of Calatayud,,,,http://www.wikidata.org/entity/Q171740,Caliphate of Córdoba,,
http://www.wikidata.org/entity/Q33061,Taifa of Zaragoza,,,,http://www.wikidata.org/entity/Q171740,Caliphate of Córdoba,,
http://www.wikidata.org/entity/Q276841,Taifa of Badajoz,,,,http://www.wikidata.org/entity/Q171740,Caliphate of Córdoba,,
http://www.wikidata.org/entity/Q2235609,Taifa of Huesca,,,,http://www.wikidata.org/entity/Q171740,Caliphate of Córdoba,,
http://www.wikidata.org/entity/Q8575586,Umayyad Caliphate,,,,http://www.wikidata.org/entity/Q171740,Caliphate of Córdoba,,
http://www.wikidata.org/entity/Q75613,Almoravid dynasty,,,,http://www.wikidata.org/entity/Q171740,Caliphate of Córdoba,,
http://www.wikidata.org/entity/Q676811,Taifa of Valencia,,,,http://www.wikidata.org/entity/Q171740,Caliphate of Córdoba,,
http://www.wikidata.org/entity/Q207272,Second Polish Republic,,,,http://www.wikidata.org/entity/Q172107,Polish–Lithuanian Commonwealth,,
http://www.wikidata.org/entity/Q184,Belarus,BY,630336,,http://www.wikidata.org/entity/Q172107,Polish–Lithuanian Commonwealth,,
http://www.wikidata.org/entity/Q131964,Austrian Empire,,,,http://www.wikidata.org/entity/Q172107,Polish–Lithuanian Commonwealth,,
http://www.wikidata.org/entity/Q159,Russia,RU,2017370,,http://www.wikidata.org/entity/Q172107,Polish–Lithuanian Commonwealth,,
http://www.wikidata.org/entity/Q15180,Soviet Union,,8354411,,http://www.wikidata.org/entity/Q172107,Polish–Lithuanian Commonwealth,,
http://www.wikidata.org/entity/Q28513,Austria–Hungary,,,,http://www.wikidata.org/entity/Q172107,Polish–Lithuanian Commonwealth,,
http://www.wikidata.org/entity/Q212,Ukraine,UA,690791,,http://www.wikidata.org/entity/Q172107,Polish–Lithuanian Commonwealth,,
http://www.wikidata.org/entity/Q36,Poland,PL,798544,,http://www.wikidata.org/entity/Q172107,Polish–Lithuanian Commonwealth,,
http://www.wikidata.org/entity/Q243610,Ukrainian People's Republic,,,,http://www.wikidata.org/entity/Q172107,Polish–Lithuanian Commonwealth,,
http://www.wikidata.org/entity/Q4470663,Ukrainian national government (1941),,,,http://www.wikidata.org/entity/Q172107,Polish–Lithuanian Commonwealth,,
http://www.wikidata.org/entity/Q457167,West Ukrainian People's Republic,,,,http://www.wikidata.org/entity/Q172107,Polish–Lithuanian Commonwealth,,
http://www.wikidata.org/entity/Q7318,Nazi Germany,,,,http://www.wikidata.org/entity/Q172107,Polish–Lithuanian Commonwealth,,
http://www.wikidata.org/entity/Q153529,Duchy of Milan,,,,http://www.wikidata.org/entity/Q172579,Kingdom of Italy,,
http://www.wikidata.org/entity/Q170174,Papal States,,,,http://www.wikidata.org/entity/Q172579,Kingdom of Italy,,
http://www.wikidata.org/entity/Q224,Croatia,HR,3202326,,http://www.wikidata.org/entity/Q172579,Kingdom of Italy,,
http://www.wikidata.org/entity/Q223936,Kingdom of Italy,,,,http://www.wikidata.org/entity/Q172579,Kingdom of Italy,,
http://www.wikidata.org/entity/Q209857,Kingdom of Lombardy–Venetia,,,,http://www.wikidata.org/entity/Q172579,Kingdom of Italy,,
http://www.wikidata.org/entity/Q38,Italy,IT,3175395,,http://www.wikidata.org/entity/Q172579,Kingdom of Italy,,
http://www.wikidata.org/entity/Q41,Greece,GR,390903,,http://www.wikidata.org/entity/Q172579,Kingdom of Italy,,
http://www.wikidata.org/entity/Q38,Italy,IT,3175395,,http://www.wikidata.org/entity/Q173065,Kingdom of Naples,,
http://www.wikidata.org/entity/Q227,Azerbaijan,AZ,587116,,http://www.wikidata.org/entity/Q1740536,Ganja khanate,,
http://www.wikidata.org/entity/Q145,United Kingdom,GB,2635167,,http://www.wikidata.org/entity/Q174193,United Kingdom of Great Britain and Ireland,,
http://www.wikidata.org/entity/Q161885,Kingdom of Great Britain,,,,http://www.wikidata.org/entity/Q174193,United Kingdom of Great Britain and Ireland,,
http://www.wikidata.org/entity/Q27,Ireland,IE,2963597,,http://www.wikidata.org/entity/Q174193,United Kingdom of Great Britain and Ireland,,
http://www.wikidata.org/entity/Q408,Australia,AU,2077456,,http://www.wikidata.org/entity/Q174193,United Kingdom of Great Britain and Ireland,,
http://www.wikidata.org/entity/Q159,Russia,RU,2017370,,http://www.wikidata.org/entity/Q174306,Republic of Genoa,,
http://www.wikidata.org/entity/Q212,Ukraine,UA,690791,,http://www.wikidata.org/entity/Q174306,Republic of Genoa,,
http://www.wikidata.org/entity/Q183,Germany,DE,2921044,,http://www.wikidata.org/entity/Q1747689,Ancient Rome,,
http://www.wikidata.org/entity/Q142,France,FR,3017382,,http://www.wikidata.org/entity/Q1747689,Ancient Rome,,
http://www.wikidata.org/entity/Q1048918,Kingdom of the Suebi,,,,http://www.wikidata.org/entity/Q1747689,Ancient Rome,,
http://www.wikidata.org/entity/Q12544,Byzantine Empire,,,,http://www.wikidata.org/entity/Q1747689,Ancient Rome,,
http://www.wikidata.org/entity/Q145,United Kingdom,GB,2635167,,http://www.wikidata.org/entity/Q1747689,Ancient Rome,,
http://www.wikidata.org/entity/Q1016,Libya,LY,2215636,,http://www.wikidata.org/entity/Q1747689,Ancient Rome,,
http://www.wikidata.org/entity/Q1028,Morocco,MA,2542007,,http://www.wikidata.org/entity/Q1747689,Ancient Rome,,
http://www.wikidata.org/entity/Q2277,Roman Empire,,8354456,,http://www.wikidata.org/entity/Q1747689,Ancient Rome,,
http://www.wikidata.org/entity/Q3307686,Visigothic Kingdom of Tolosa,,,,http://www.wikidata.org/entity/Q1747689,Ancient Rome,,
http://www.wikidata.org/entity/Q224,Croatia,HR,3202326,,http://www.wikidata.org/entity/Q1747689,Ancient Rome,,
http://www.wikidata.org/entity/Q2429397,Ancient Carthage,,,,http://www.wikidata.org/entity/Q1747689,Ancient Rome,,
http://www.wikidata.org/entity/Q29,Spain,ES,2510769,,http://www.wikidata.org/entity/Q1747689,Ancient Rome,,
http://www.wikidata.org/entity/Q262,Algeria,DZ,2589581,,http://www.wikidata.org/entity/Q1747689,Ancient Rome,,
http://www.wikidata.org/entity/Q38,Italy,IT,3175395,,http://www.wikidata.org/entity/Q1747689,Ancient Rome,,
http://www.wikidata.org/entity/Q877875,Palmyrene Empire,,8378566,,http://www.wikidata.org/entity/Q1747689,Ancient Rome,,
http://www.wikidata.org/entity/Q796,Iraq,IQ,99237,,http://www.wikidata.org/entity/Q1747689,Ancient Rome,,
http://www.wikidata.org/entity/Q45,Portugal,PT,2264397,,http://www.wikidata.org/entity/Q1747689,Ancient Rome,,
http://www.wikidata.org/entity/Q858,Syria,SY,163843,,http://www.wikidata.org/entity/Q1747689,Ancient Rome,,
http://www.wikidata.org/entity/Q55,Netherlands,,2750405,,http://www.wikidata.org/entity/Q1747689,Ancient Rome,,
http://www.wikidata.org/entity/Q43,Turkey,TR,298795,,http://www.wikidata.org/entity/Q1747689,Ancient Rome,,
http://www.wikidata.org/entity/Q83891,Sasanian Empire,,,,http://www.wikidata.org/entity/Q1747689,Ancient Rome,,
http://www.wikidata.org/entity/Q93180,Seleucid Empire,,,,http://www.wikidata.org/entity/Q1747689,Ancient Rome,,
http://www.wikidata.org/entity/Q948,Tunisia,TN,2464461,,http://www.wikidata.org/entity/Q1747689,Ancient Rome,,
http://www.wikidata.org/entity/Q3181749,Arab Caliphate,,,,http://www.wikidata.org/entity/Q17526620,Kingdom of Shirvan,,
http://www.wikidata.org/entity/Q148,People's Republic of China,CN,1814991,,http://www.wikidata.org/entity/Q175379,Empire of China,,
http://www.wikidata.org/entity/Q851,Saudi Arabia,SA,102358,,http://www.wikidata.org/entity/Q1756546,Kingdom of Nejd and Hejaz,,
http://www.wikidata.org/entity/Q40,Austria,AT,2782113,,http://www.wikidata.org/entity/Q176495,Federal State of Austria,,
http://www.wikidata.org/entity/Q227,Azerbaijan,AZ,587116,,http://www.wikidata.org/entity/Q177076,Caucasian Albania,,
http://www.wikidata.org/entity/Q3181749,Arab Caliphate,,,,http://www.wikidata.org/entity/Q177076,Caucasian Albania,,
http://www.wikidata.org/entity/Q83891,Sasanian Empire,,,,http://www.wikidata.org/entity/Q177076,Caucasian Albania,,
http://www.wikidata.org/entity/Q159,Russia,RU,2017370,,http://www.wikidata.org/entity/Q1778994,Kuban People's Republic,,
http://www.wikidata.org/entity/Q232,Kazakhstan,KZ,1522867,,http://www.wikidata.org/entity/Q1779823,Alash Autonomy,,
http://www.wikidata.org/entity/Q29,Spain,ES,2510769,,http://www.wikidata.org/entity/Q179293,Kingdom of Castile,,
http://www.wikidata.org/entity/Q183,Germany,DE,2921044,,http://www.wikidata.org/entity/Q1794352,Electorate of Trier,,
http://www.wikidata.org/entity/Q145,United Kingdom,GB,2635167,,http://www.wikidata.org/entity/Q179876,Kingdom of England,,
http://www.wikidata.org/entity/Q816814,Kingdom of Gwynedd,,,,http://www.wikidata.org/entity/Q179876,Kingdom of England,,
http://www.wikidata.org/entity/Q858,Syria,SY,163843,,http://www.wikidata.org/entity/Q180114,Ayyubid dynasty,,
http://www.wikidata.org/entity/Q38,Italy,IT,3175395,,http://www.wikidata.org/entity/Q180393,Kingdom of the Two Sicilies,,
http://www.wikidata.org/entity/Q881,Vietnam,VN,1562822,,http://www.wikidata.org/entity/Q180573,South Vietnam,,11608491
http://www.wikidata.org/entity/Q668,India,IN,1269750,,http://www.wikidata.org/entity/Q18129046,Oudh State,,
http://www.wikidata.org/entity/Q399,Armenia,AM,174982,,http://www.wikidata.org/entity/Q18234383,Safavid Iran,,
http://www.wikidata.org/entity/Q794,Iran,IR,130758,,http://www.wikidata.org/entity/Q18234383,Safavid Iran,,
http://www.wikidata.org/entity/Q43,Turkey,TR,298795,,http://www.wikidata.org/entity/Q18234383,Safavid Iran,,
http://www.wikidata.org/entity/Q142,France,FR,3017382,,http://www.wikidata.org/entity/Q183,Germany,DE,2921044
http://www.wikidata.org/entity/Q2042647,Duchy of Upper Bavaria (first creation),,,,http://www.wikidata.org/entity/Q183,Germany,DE,2921044
http://www.wikidata.org/entity/Q1206012,German Reich,,,,http://www.wikidata.org/entity/Q183,Germany,DE,2921044
http://www.wikidata.org/entity/Q154195,Kingdom of Bavaria,,,,http://www.wikidata.org/entity/Q183,Germany,DE,2921044
http://www.wikidata.org/entity/Q1747689,Ancient Rome,,,,http://www.wikidata.org/entity/Q183,Germany,DE,2921044
http://www.wikidata.org/entity/Q109252949,Duchy of Mecklenburg,,,,http://www.wikidata.org/entity/Q183,Germany,DE,2921044
http://www.wikidata.org/entity/Q184,Belarus,BY,630336,,http://www.wikidata.org/entity/Q183,Germany,DE,2921044
http://www.wikidata.org/entity/Q145,United Kingdom,GB,2635167,,http://www.wikidata.org/entity/Q183,Germany,DE,2921044
http://www.wikidata.org/entity/Q12548,Holy Roman Empire,,,,http://www.wikidata.org/entity/Q183,Germany,DE,2921044
http://www.wikidata.org/entity/Q16957,German Democratic Republic,DD,8354410,,http://www.wikidata.org/entity/Q183,Germany,DE,2921044
http://www.wikidata.org/entity/Q156199,Electorate of Saxony,,,,http://www.wikidata.org/entity/Q183,Germany,DE,2921044
http://www.wikidata.org/entity/Q164079,Kingdom of Hanover,,,,http://www.wikidata.org/entity/Q183,Germany,DE,2921044
http://www.wikidata.org/entity/Q159631,Kingdom of Württemberg,,,,http://www.wikidata.org/entity/Q183,Germany,DE,2921044
http://www.wikidata.org/entity/Q186320,Grand Duchy of Baden,,,,http://www.wikidata.org/entity/Q183,Germany,DE,2921044
http://www.wikidata.org/entity/Q159,Russia,RU,2017370,,http://www.wikidata.org/entity/Q183,Germany,DE,2921044
http://www.wikidata.org/entity/Q38,Italy,IT,3175395,,http://www.wikidata.org/entity/Q183,Germany,DE,2921044
http://www.wikidata.org/entity/Q27306,Kingdom of Prussia,,,,http://www.wikidata.org/entity/Q183,Germany,DE,2921044
http://www.wikidata.org/entity/Q30,United States,US,6252001,,http://www.wikidata.org/entity/Q183,Germany,DE,2921044
http://www.wikidata.org/entity/Q31,Belgium,BE,2802361,,http://www.wikidata.org/entity/Q183,Germany,DE,2921044
http://www.wikidata.org/entity/Q32,Luxembourg,LU,2960313,,http://www.wikidata.org/entity/Q183,Germany,DE,2921044
http://www.wikidata.org/entity/Q35,Denmark,DK,2623032,,http://www.wikidata.org/entity/Q183,Germany,DE,2921044
http://www.wikidata.org/entity/Q347,Liechtenstein,LI,3042058,,http://www.wikidata.org/entity/Q183,Germany,DE,2921044
http://www.wikidata.org/entity/Q36,Poland,PL,798544,,http://www.wikidata.org/entity/Q183,Germany,DE,2921044
http://www.wikidata.org/entity/Q212,Ukraine,UA,690791,,http://www.wikidata.org/entity/Q183,Germany,DE,2921044
http://www.wikidata.org/entity/Q213,Czech Republic,CZ,3077311,,http://www.wikidata.org/entity/Q183,Germany,DE,2921044
http://www.wikidata.org/entity/Q7318,Nazi Germany,,,,http://www.wikidata.org/entity/Q183,Germany,DE,2921044
http://www.wikidata.org/entity/Q41304,Weimar Republic,,,,http://www.wikidata.org/entity/Q183,Germany,DE,2921044
http://www.wikidata.org/entity/Q664,New Zealand,NZ,2186224,,http://www.wikidata.org/entity/Q183,Germany,DE,2921044
http://www.wikidata.org/entity/Q462329,Duchy of Upper Bavaria,,,,http://www.wikidata.org/entity/Q183,Germany,DE,2921044
http://www.wikidata.org/entity/Q690821,Republic of Baden,,,,http://www.wikidata.org/entity/Q183,Germany,DE,2921044
http://www.wikidata.org/entity/Q55,Netherlands,,2750405,,http://www.wikidata.org/entity/Q183,Germany,DE,2921044
http://www.wikidata.org/entity/Q40,Austria,AT,2782113,,http://www.wikidata.org/entity/Q183,Germany,DE,2921044
http://www.wikidata.org/entity/Q43287,German Empire,,,,http://www.wikidata.org/entity/Q183,Germany,DE,2921044
http://www.wikidata.org/entity/Q39,Switzerland,CH,2658434,,http://www.wikidata.org/entity/Q183,Germany,DE,2921044
http://www.wikidata.org/entity/Q408,Australia,AU,2077456,,http://www.wikidata.org/entity/Q183,Germany,DE,2921044
http://www.wikidata.org/entity/Q733,Paraguay,PY,3437598,,http://www.wikidata.org/entity/Q183,Germany,DE,2921044
http://www.wikidata.org/entity/Q15180,Soviet Union,,8354411,,http://www.wikidata.org/entity/Q184,Belarus,BY,630336
http://www.wikidata.org/entity/Q207272,Second Polish Republic,,,,http://www.wikidata.org/entity/Q184,Belarus,BY,630336
http://www.wikidata.org/entity/Q183,Germany,DE,2921044,,http://www.wikidata.org/entity/Q184,Belarus,BY,630336
http://www.wikidata.org/entity/Q34266,Russian Empire,,,,http://www.wikidata.org/entity/Q184,Belarus,BY,630336
http://www.wikidata.org/entity/Q7318,Nazi Germany,,,,http://www.wikidata.org/entity/Q184,Belarus,BY,630336
http://www.wikidata.org/entity/Q1006,Guinea,GN,2420477,,http://www.wikidata.org/entity/Q184536,Mali Empire,,
http://www.wikidata.org/entity/Q878,United Arab Emirates,AE,290557,,http://www.wikidata.org/entity/Q1852345,Trucial States,,
http://www.wikidata.org/entity/Q159,Russia,RU,2017370,,http://www.wikidata.org/entity/Q185488,Volga Bulgaria,,
http://www.wikidata.org/entity/Q881,Vietnam,VN,1562822,,http://www.wikidata.org/entity/Q185682,French Indochina,,
http://www.wikidata.org/entity/Q159,Russia,RU,2017370,,http://www.wikidata.org/entity/Q186096,Tsardom of Russia,,
http://www.wikidata.org/entity/Q170770,Grand Principality of Moscow,,,,http://www.wikidata.org/entity/Q186096,Tsardom of Russia,,
http://www.wikidata.org/entity/Q15180,Soviet Union,,8354411,,http://www.wikidata.org/entity/Q186096,Tsardom of Russia,,
http://www.wikidata.org/entity/Q186537,Khanate of Qazan,,,,http://www.wikidata.org/entity/Q186096,Tsardom of Russia,,
http://www.wikidata.org/entity/Q1322662,Principality of Chernigov,,,,http://www.wikidata.org/entity/Q186096,Tsardom of Russia,,
http://www.wikidata.org/entity/Q2305208,Russian Socialist Federative Soviet Republic,,,,http://www.wikidata.org/entity/Q186096,Tsardom of Russia,,
http://www.wikidata.org/entity/Q212,Ukraine,UA,690791,,http://www.wikidata.org/entity/Q186096,Tsardom of Russia,,
http://www.wikidata.org/entity/Q34266,Russian Empire,,,,http://www.wikidata.org/entity/Q186096,Tsardom of Russia,,
http://www.wikidata.org/entity/Q79965,Golden Horde,,,,http://www.wikidata.org/entity/Q186096,Tsardom of Russia,,
http://www.wikidata.org/entity/Q1206012,German Reich,,,,http://www.wikidata.org/entity/Q186320,Grand Duchy of Baden,,
http://www.wikidata.org/entity/Q183,Germany,DE,2921044,,http://www.wikidata.org/entity/Q186320,Grand Duchy of Baden,,
http://www.wikidata.org/entity/Q12548,Holy Roman Empire,,,,http://www.wikidata.org/entity/Q186320,Grand Duchy of Baden,,
http://www.wikidata.org/entity/Q690821,Republic of Baden,,,,http://www.wikidata.org/entity/Q186320,Grand Duchy of Baden,,
http://www.wikidata.org/entity/Q15180,Soviet Union,,8354411,,http://www.wikidata.org/entity/Q186537,Khanate of Qazan,,
http://www.wikidata.org/entity/Q186096,Tsardom of Russia,,,,http://www.wikidata.org/entity/Q186537,Khanate of Qazan,,
http://www.wikidata.org/entity/Q159,Russia,RU,2017370,,http://www.wikidata.org/entity/Q186537,Khanate of Qazan,,
http://www.wikidata.org/entity/Q34266,Russian Empire,,,,http://www.wikidata.org/entity/Q186537,Khanate of Qazan,,
http://www.wikidata.org/entity/Q2305208,Russian Socialist Federative Soviet Republic,,,,http://www.wikidata.org/entity/Q186537,Khanate of Qazan,,
http://www.wikidata.org/entity/Q79965,Golden Horde,,,,http://www.wikidata.org/entity/Q186537,Khanate of Qazan,,
http://www.wikidata.org/entity/Q252,Indonesia,ID,1643084,,http://www.wikidata.org/entity/Q188161,Dutch East Indies,,
http://www.wikidata.org/entity/Q734867,Banten Sultanate,,,,http://www.wikidata.org/entity/Q188161,Dutch East Indies,,
http://www.wikidata.org/entity/Q55,Netherlands,,2750405,,http://www.wikidata.org/entity/Q188553,Batavian Republic,,
http://www.wikidata.org/entity/Q38,Italy,IT,3175395,,http://www.wikidata.org/entity/Q188586,Kingdom of Sicily,,
http://www.wikidata.org/entity/Q148,People's Republic of China,CN,1814991,,http://www.wikidata.org/entity/Q188712,Empire of Japan,,
http://www.wikidata.org/entity/Q159,Russia,RU,2017370,,http://www.wikidata.org/entity/Q188712,Empire of Japan,,
http://www.wikidata.org/entity/Q8733,Qing dynasty,,,,http://www.wikidata.org/entity/Q188712,Empire of Japan,,
http://www.wikidata.org/entity/Q858,Syria,SY,163843,,http://www.wikidata.org/entity/Q189545,Zengid dynasty,,
http://www.wikidata.org/entity/Q792,El Salvador,SV,3585968,,http://www.wikidata.org/entity/Q190025,Federal Republic of Central America,,
http://www.wikidata.org/entity/Q159,Russia,RU,2017370,,http://www.wikidata.org/entity/Q190513,Siberian Khanate,,
http://www.wikidata.org/entity/Q230,Georgia,GE,614540,,http://www.wikidata.org/entity/Q19083,Kingdom of Iberia,,
http://www.wikidata.org/entity/Q159,Russia,RU,2017370,,http://www.wikidata.org/entity/Q191,Estonia,EE,453733
http://www.wikidata.org/entity/Q252,Indonesia,ID,1643084,,http://www.wikidata.org/entity/Q191,Estonia,EE,453733
http://www.wikidata.org/entity/Q34266,Russian Empire,,,,http://www.wikidata.org/entity/Q191,Estonia,EE,453733
http://www.wikidata.org/entity/Q1246,Kosovo,XK,831053,,http://www.wikidata.org/entity/Q191077,Kingdom of Yugoslavia,,
http://www.wikidata.org/entity/Q225,Bosnia and Herzegovina,BA,3277605,,http://www.wikidata.org/entity/Q191077,Kingdom of Yugoslavia,,
http://www.wikidata.org/entity/Q215,Slovenia,SI,3190538,,http://www.wikidata.org/entity/Q191077,Kingdom of Yugoslavia,,
http://www.wikidata.org/entity/Q224,Croatia,HR,3202326,,http://www.wikidata.org/entity/Q191077,Kingdom of Yugoslavia,,
http://www.wikidata.org/entity/Q236,Montenegro,ME,3194884,,http://www.wikidata.org/entity/Q191077,Kingdom of Yugoslavia,,
http://www.wikidata.org/entity/Q221,North Macedonia,MK,718075,,http://www.wikidata.org/entity/Q191077,Kingdom of Yugoslavia,,
http://www.wikidata.org/entity/Q403,Serbia,RS,6290252,,http://www.wikidata.org/entity/Q191077,Kingdom of Yugoslavia,,
http://www.wikidata.org/entity/Q232,Kazakhstan,KZ,1522867,,http://www.wikidata.org/entity/Q1923401,Dzungar Khanate,,
http://www.wikidata.org/entity/Q258,South Africa,ZA,953987,,http://www.wikidata.org/entity/Q193619,Union of South Africa,,
http://www.wikidata.org/entity/Q12490507,Rashidun Caliphate,,,,http://www.wikidata.org/entity/Q1986139,Parthian Empire,,
http://www.wikidata.org/entity/Q12536,Abbasid Caliphate,,,,http://www.wikidata.org/entity/Q1986139,Parthian Empire,,
http://www.wikidata.org/entity/Q3708094,Seljuk Empire,,,,http://www.wikidata.org/entity/Q1986139,Parthian Empire,,
http://www.wikidata.org/entity/Q273874,Buyid dynasty,,,,http://www.wikidata.org/entity/Q1986139,Parthian Empire,,
http://www.wikidata.org/entity/Q83891,Sasanian Empire,,,,http://www.wikidata.org/entity/Q1986139,Parthian Empire,,
http://www.wikidata.org/entity/Q389688,Achaemenid Empire,,,,http://www.wikidata.org/entity/Q1986139,Parthian Empire,,
http://www.wikidata.org/entity/Q796,Iraq,IQ,99237,,http://www.wikidata.org/entity/Q1986139,Parthian Empire,,
http://www.wikidata.org/entity/Q8575586,Umayyad Caliphate,,,,http://www.wikidata.org/entity/Q1986139,Parthian Empire,,
http://www.wikidata.org/entity/Q93180,Seleucid Empire,,,,http://www.wikidata.org/entity/Q1986139,Parthian Empire,,
http://www.wikidata.org/entity/Q29,Spain,ES,2510769,,http://www.wikidata.org/entity/Q199442,Kingdom of Aragon,,
http://www.wikidata.org/entity/Q104192511,Taifa of Valencia (second period),,,,http://www.wikidata.org/entity/Q199688,Almohad Caliphate,,
http://www.wikidata.org/entity/Q171740,Caliphate of Córdoba,,,,http://www.wikidata.org/entity/Q199688,Almohad Caliphate,,
http://www.wikidata.org/entity/Q104192518,Taifa of Valencia (third period),,,,http://www.wikidata.org/entity/Q199688,Almohad Caliphate,,
http://www.wikidata.org/entity/Q1337854,Emirate of Córdoba,,,,http://www.wikidata.org/entity/Q199688,Almohad Caliphate,,
http://www.wikidata.org/entity/Q205708,Taifa of Granada,,,,http://www.wikidata.org/entity/Q199688,Almohad Caliphate,,
http://www.wikidata.org/entity/Q276841,Taifa of Badajoz,,,,http://www.wikidata.org/entity/Q199688,Almohad Caliphate,,
http://www.wikidata.org/entity/Q238445,Emirate of Granada,,,,http://www.wikidata.org/entity/Q199688,Almohad Caliphate,,
http://www.wikidata.org/entity/Q676811,Taifa of Valencia,,,,http://www.wikidata.org/entity/Q199688,Almohad Caliphate,,
http://www.wikidata.org/entity/Q75613,Almoravid dynasty,,,,http://www.wikidata.org/entity/Q199688,Almohad Caliphate,,
http://www.wikidata.org/entity/Q736,Ecuador,EC,3658394,,http://www.wikidata.org/entity/Q199821,Gran Colombia,,
http://www.wikidata.org/entity/Q805,Yemen,YE,69543,,http://www.wikidata.org/entity/Q199841,South Yemen,,8505034
http://www.wikidata.org/entity/Q214,Slovakia,SK,3057568,,http://www.wikidata.org/entity/Q1998866,Czech and Slovak Federal Republic,,
http://www.wikidata.org/entity/Q34,Sweden,SE,2661886,,http://www.wikidata.org/entity/Q20,Norway,NO,3144096
http://www.wikidata.org/entity/Q668,India,IN,1269750,,http://www.wikidata.org/entity/Q2001966,Company rule in India,,
http://www.wikidata.org/entity/Q843,Pakistan,PK,1168579,,http://www.wikidata.org/entity/Q2001966,Company rule in India,,
http://www.wikidata.org/entity/Q902,Bangladesh,BD,1210997,,http://www.wikidata.org/entity/Q2001966,Company rule in India,,
http://www.wikidata.org/entity/Q29,Spain,ES,2510769,,http://www.wikidata.org/entity/Q200262,Kingdom of Navarre,,
http://www.wikidata.org/entity/Q1029,Mozambique,MZ,1036973,,http://www.wikidata.org/entity/Q200464,Portuguese Empire,,
http://www.wikidata.org/entity/Q1007,Guinea-Bissau,GW,2372248,,http://www.wikidata.org/entity/Q200464,Portuguese Empire,,
http://www.wikidata.org/entity/Q1039,São Tomé and Príncipe,ST,2410758,,http://www.wikidata.org/entity/Q200464,Portuguese Empire,,
http://www.wikidata.org/entity/Q1041,Senegal,SN,2245662,,http://www.wikidata.org/entity/Q200464,Portuguese Empire,,
http://www.wikidata.org/entity/Q155,Brazil,BR,3469034,,http://www.wikidata.org/entity/Q200464,Portuguese Empire,,
http://www.wikidata.org/entity/Q148,People's Republic of China,CN,1814991,,http://www.wikidata.org/entity/Q200464,Portuguese Empire,,
http://www.wikidata.org/entity/Q1028,Morocco,MA,2542007,,http://www.wikidata.org/entity/Q200464,Portuguese Empire,,
http://www.wikidata.org/entity/Q1011,Cape Verde,CV,3374766,,http://www.wikidata.org/entity/Q200464,Portuguese Empire,,
http://www.wikidata.org/entity/Q733,Paraguay,PY,3437598,,http://www.wikidata.org/entity/Q200464,Portuguese Empire,,
http://www.wikidata.org/entity/Q916,Angola,AO,3351879,,http://www.wikidata.org/entity/Q200464,Portuguese Empire,,
http://www.wikidata.org/entity/Q854,Sri Lanka,LK,1227603,,http://www.wikidata.org/entity/Q200464,Portuguese Empire,,
http://www.wikidata.org/entity/Q668,India,IN,1269750,,http://www.wikidata.org/entity/Q200464,Portuguese Empire,,
http://www.wikidata.org/entity/Q77,Uruguay,UY,3439705,,http://www.wikidata.org/entity/Q200464,Portuguese Empire,,
http://www.wikidata.org/entity/Q842,Oman,OM,286963,,http://www.wikidata.org/entity/Q200464,Portuguese Empire,,
http://www.wikidata.org/entity/Q962,Benin,BJ,2395170,,http://www.wikidata.org/entity/Q200464,Portuguese Empire,,
http://www.wikidata.org/entity/Q902,Bangladesh,BD,1210997,,http://www.wikidata.org/entity/Q2006542,Dominion of Pakistan,,
http://www.wikidata.org/entity/Q843,Pakistan,PK,1168579,,http://www.wikidata.org/entity/Q2006542,Dominion of Pakistan,,
http://www.wikidata.org/entity/Q214,Slovakia,SK,3057568,,http://www.wikidata.org/entity/Q2010024,Second Czechoslovak Republic,,
http://www.wikidata.org/entity/Q212,Ukraine,UA,690791,,http://www.wikidata.org/entity/Q2010024,Second Czechoslovak Republic,,
http://www.wikidata.org/entity/Q183,Germany,DE,2921044,,http://www.wikidata.org/entity/Q20135,Grand Duchy of Hesse,,
http://www.wikidata.org/entity/Q424,Cambodia,KH,1831722,,http://www.wikidata.org/entity/Q201705,Khmer Empire,,
http://www.wikidata.org/entity/Q948,Tunisia,TN,2464461,,http://www.wikidata.org/entity/Q2017684,French protectorate of Tunisia,,
http://www.wikidata.org/entity/Q805,Yemen,YE,69543,,http://www.wikidata.org/entity/Q202775,Qu'aiti Sultanate,,
http://www.wikidata.org/entity/Q15180,Soviet Union,,8354411,,http://www.wikidata.org/entity/Q203493,Kingdom of Romania,,
http://www.wikidata.org/entity/Q131964,Austrian Empire,,,,http://www.wikidata.org/entity/Q203493,Kingdom of Romania,,
http://www.wikidata.org/entity/Q212,Ukraine,UA,690791,,http://www.wikidata.org/entity/Q203493,Kingdom of Romania,,
http://www.wikidata.org/entity/Q28513,Austria–Hungary,,,,http://www.wikidata.org/entity/Q203493,Kingdom of Romania,,
http://www.wikidata.org/entity/Q219,Bulgaria,BG,732800,,http://www.wikidata.org/entity/Q203493,Kingdom of Romania,,
http://www.wikidata.org/entity/Q217,Moldova,MD,617790,,http://www.wikidata.org/entity/Q203493,Kingdom of Romania,,
http://www.wikidata.org/entity/Q218,Romania,RO,798549,,http://www.wikidata.org/entity/Q203493,Kingdom of Romania,,
http://www.wikidata.org/entity/Q964024,Moldavian Democratic Republic,,,,http://www.wikidata.org/entity/Q203493,Kingdom of Romania,,
http://www.wikidata.org/entity/Q183,Germany,DE,2921044,,http://www.wikidata.org/entity/Q2042647,Duchy of Upper Bavaria (first creation),,
http://www.wikidata.org/entity/Q462329,Duchy of Upper Bavaria,,,,http://www.wikidata.org/entity/Q2042647,Duchy of Upper Bavaria (first creation),,
http://www.wikidata.org/entity/Q219060,Palestine,PS,6254930,,http://www.wikidata.org/entity/Q2051582,All-Palestine Government,,
http://www.wikidata.org/entity/Q17,Japan,JP,1861060,,http://www.wikidata.org/entity/Q205662,Tokugawa shogunate,,
http://www.wikidata.org/entity/Q199688,Almohad Caliphate,,,,http://www.wikidata.org/entity/Q205708,Taifa of Granada,,
http://www.wikidata.org/entity/Q238445,Emirate of Granada,,,,http://www.wikidata.org/entity/Q205708,Taifa of Granada,,
http://www.wikidata.org/entity/Q75613,Almoravid dynasty,,,,http://www.wikidata.org/entity/Q205708,Taifa of Granada,,
http://www.wikidata.org/entity/Q39,Switzerland,CH,2658434,,http://www.wikidata.org/entity/Q206696,Helvetic Republic,,
http://www.wikidata.org/entity/Q15180,Soviet Union,,8354411,,http://www.wikidata.org/entity/Q207272,Second Polish Republic,,
http://www.wikidata.org/entity/Q131964,Austrian Empire,,,,http://www.wikidata.org/entity/Q207272,Second Polish Republic,,
http://www.wikidata.org/entity/Q184,Belarus,BY,630336,,http://www.wikidata.org/entity/Q207272,Second Polish Republic,,
http://www.wikidata.org/entity/Q172107,Polish–Lithuanian Commonwealth,,,,http://www.wikidata.org/entity/Q207272,Second Polish Republic,,
http://www.wikidata.org/entity/Q1508143,Ukrainian State,,,,http://www.wikidata.org/entity/Q207272,Second Polish Republic,,
http://www.wikidata.org/entity/Q36,Poland,PL,798544,,http://www.wikidata.org/entity/Q207272,Second Polish Republic,,
http://www.wikidata.org/entity/Q37,Lithuania,LT,597427,,http://www.wikidata.org/entity/Q207272,Second Polish Republic,,
http://www.wikidata.org/entity/Q28513,Austria–Hungary,,,,http://www.wikidata.org/entity/Q207272,Second Polish Republic,,
http://www.wikidata.org/entity/Q243610,Ukrainian People's Republic,,,,http://www.wikidata.org/entity/Q207272,Second Polish Republic,,
http://www.wikidata.org/entity/Q212,Ukraine,UA,690791,,http://www.wikidata.org/entity/Q207272,Second Polish Republic,,
http://www.wikidata.org/entity/Q7318,Nazi Germany,,,,http://www.wikidata.org/entity/Q207272,Second Polish Republic,,
http://www.wikidata.org/entity/Q457167,West Ukrainian People's Republic,,,,http://www.wikidata.org/entity/Q207272,Second Polish Republic,,
http://www.wikidata.org/entity/Q4470663,Ukrainian national government (1941),,,,http://www.wikidata.org/entity/Q207272,Second Polish Republic,,
http://www.wikidata.org/entity/Q212,Ukraine,UA,690791,,http://www.wikidata.org/entity/Q2078820,Odesa Soviet Republic,,
http://www.wikidata.org/entity/Q224,Croatia,HR,3202326,,http://www.wikidata.org/entity/Q208169,Republic of Ragusa,,
http://www.wikidata.org/entity/Q159,Russia,RU,2017370,,http://www.wikidata.org/entity/Q2090473,Khazar Khaganate,,
http://www.wikidata.org/entity/Q212,Ukraine,UA,690791,,http://www.wikidata.org/entity/Q2090473,Khazar Khaganate,,
http://www.wikidata.org/entity/Q7054713,North Caucasian Huns,,,,http://www.wikidata.org/entity/Q2090473,Khazar Khaganate,,
http://www.wikidata.org/entity/Q41,Greece,GR,390903,,http://www.wikidata.org/entity/Q209065,Kingdom of Greece,,
http://www.wikidata.org/entity/Q43,Turkey,TR,298795,,http://www.wikidata.org/entity/Q209065,Kingdom of Greece,,
http://www.wikidata.org/entity/Q153529,Duchy of Milan,,,,http://www.wikidata.org/entity/Q209857,Kingdom of Lombardy–Venetia,,
http://www.wikidata.org/entity/Q172579,Kingdom of Italy,,,,http://www.wikidata.org/entity/Q209857,Kingdom of Lombardy–Venetia,,
http://www.wikidata.org/entity/Q38,Italy,IT,3175395,,http://www.wikidata.org/entity/Q209857,Kingdom of Lombardy–Venetia,,
http://www.wikidata.org/entity/Q223936,Kingdom of Italy,,,,http://www.wikidata.org/entity/Q209857,Kingdom of Lombardy–Venetia,,
http://www.wikidata.org/entity/Q34266,Russian Empire,,,,http://www.wikidata.org/entity/Q210198,Erivan Khanate,,
http://www.wikidata.org/entity/Q399,Armenia,AM,174982,,http://www.wikidata.org/entity/Q210198,Erivan Khanate,,
http://www.wikidata.org/entity/Q43,Turkey,TR,298795,,http://www.wikidata.org/entity/Q210198,Erivan Khanate,,
http://www.wikidata.org/entity/Q34266,Russian Empire,,,,http://www.wikidata.org/entity/Q211,Latvia,LV,458258
http://www.wikidata.org/entity/Q27306,Kingdom of Prussia,,,,http://www.wikidata.org/entity/Q211274,Polish People's Republic,,
http://www.wikidata.org/entity/Q36,Poland,PL,798544,,http://www.wikidata.org/entity/Q211274,Polish People's Republic,,
http://www.wikidata.org/entity/Q7318,Nazi Germany,,,,http://www.wikidata.org/entity/Q211274,Polish People's Republic,,
http://www.wikidata.org/entity/Q1508143,Ukrainian State,,,,http://www.wikidata.org/entity/Q212,Ukraine,UA,690791
http://www.wikidata.org/entity/Q207272,Second Polish Republic,,,,http://www.wikidata.org/entity/Q212,Ukraine,UA,690791
http://www.wikidata.org/entity/Q15180,Soviet Union,,8354411,,http://www.wikidata.org/entity/Q212,Ukraine,UA,690791
http://www.wikidata.org/entity/Q203493,Kingdom of Romania,,,,http://www.wikidata.org/entity/Q212,Ukraine,UA,690791
http://www.wikidata.org/entity/Q159,Russia,RU,2017370,,http://www.wikidata.org/entity/Q212,Ukraine,UA,690791
http://www.wikidata.org/entity/Q171150,Kingdom of Hungary,,,,http://www.wikidata.org/entity/Q212,Ukraine,UA,690791
http://www.wikidata.org/entity/Q186096,Tsardom of Russia,,,,http://www.wikidata.org/entity/Q212,Ukraine,UA,690791
http://www.wikidata.org/entity/Q172107,Polish–Lithuanian Commonwealth,,,,http://www.wikidata.org/entity/Q212,Ukraine,UA,690791
http://www.wikidata.org/entity/Q183,Germany,DE,2921044,,http://www.wikidata.org/entity/Q212,Ukraine,UA,690791
http://www.wikidata.org/entity/Q1322662,Principality of Chernigov,,,,http://www.wikidata.org/entity/Q212,Ukraine,UA,690791
http://www.wikidata.org/entity/Q1108445,Kievan Rus',,,,http://www.wikidata.org/entity/Q212,Ukraine,UA,690791
http://www.wikidata.org/entity/Q140359,First Czechoslovak Republic,,,,http://www.wikidata.org/entity/Q212,Ukraine,UA,690791
http://www.wikidata.org/entity/Q131964,Austrian Empire,,,,http://www.wikidata.org/entity/Q212,Ukraine,UA,690791
http://www.wikidata.org/entity/Q243610,Ukrainian People's Republic,,,,http://www.wikidata.org/entity/Q212,Ukraine,UA,690791
http://www.wikidata.org/entity/Q28513,Austria–Hungary,,,,http://www.wikidata.org/entity/Q212,Ukraine,UA,690791
http://www.wikidata.org/entity/Q34266,Russian Empire,,,,http://www.wikidata.org/entity/Q212,Ukraine,UA,690791
http://www.wikidata.org/entity/Q2396442,Kingdom of Galicia and Lodomeria,,,,http://www.wikidata.org/entity/Q212,Ukraine,UA,690791
http://www.wikidata.org/entity/Q36,Poland,PL,798544,,http://www.wikidata.org/entity/Q212,Ukraine,UA,690791
http://www.wikidata.org/entity/Q4470663,Ukrainian national government (1941),,,,http://www.wikidata.org/entity/Q212,Ukraine,UA,690791
http://www.wikidata.org/entity/Q7318,Nazi Germany,,,,http://www.wikidata.org/entity/Q212,Ukraine,UA,690791
http://www.wikidata.org/entity/Q874954,Principality of Theodoro,,,,http://www.wikidata.org/entity/Q212,Ukraine,UA,690791
http://www.wikidata.org/entity/Q457167,West Ukrainian People's Republic,,,,http://www.wikidata.org/entity/Q212,Ukraine,UA,690791
http://www.wikidata.org/entity/Q159,Russia,RU,2017370,,http://www.wikidata.org/entity/Q212056,Mongolian People's Republic,,
http://www.wikidata.org/entity/Q711,Mongolia,MN,2029969,,http://www.wikidata.org/entity/Q212056,Mongolian People's Republic,,
http://www.wikidata.org/entity/Q55,Netherlands,,2750405,,http://www.wikidata.org/entity/Q212278,Kingdom of Holland,,
http://www.wikidata.org/entity/Q183,Germany,DE,2921044,,http://www.wikidata.org/entity/Q213,Czech Republic,CZ,3077311
http://www.wikidata.org/entity/Q153136,Habsburg monarchy,,,,http://www.wikidata.org/entity/Q213,Czech Republic,CZ,3077311
http://www.wikidata.org/entity/Q214,Slovakia,SK,3057568,,http://www.wikidata.org/entity/Q213,Czech Republic,CZ,3077311
http://www.wikidata.org/entity/Q28513,Austria–Hungary,,,,http://www.wikidata.org/entity/Q213,Czech Republic,CZ,3077311
http://www.wikidata.org/entity/Q36,Poland,PL,798544,,http://www.wikidata.org/entity/Q213,Czech Republic,CZ,3077311
http://www.wikidata.org/entity/Q33946,Czechoslovakia,,8505031,,http://www.wikidata.org/entity/Q213,Czech Republic,CZ,3077311
http://www.wikidata.org/entity/Q42585,Kingdom of Bohemia,,,,http://www.wikidata.org/entity/Q213,Czech Republic,CZ,3077311
http://www.wikidata.org/entity/Q38,Italy,IT,3175395,,http://www.wikidata.org/entity/Q213353,Cisalpine Republic,,
http://www.wikidata.org/entity/Q171150,Kingdom of Hungary,,,,http://www.wikidata.org/entity/Q214,Slovakia,SK,3057568
http://www.wikidata.org/entity/Q154401,Slovak Republic,,,,http://www.wikidata.org/entity/Q214,Slovakia,SK,3057568
http://www.wikidata.org/entity/Q25395037,Kingdom of Hungary,,,,http://www.wikidata.org/entity/Q214,Slovakia,SK,3057568
http://www.wikidata.org/entity/Q28,Hungary,HU,719819,,http://www.wikidata.org/entity/Q214,Slovakia,SK,3057568
http://www.wikidata.org/entity/Q28513,Austria–Hungary,,,,http://www.wikidata.org/entity/Q214,Slovakia,SK,3057568
http://www.wikidata.org/entity/Q213,Czech Republic,CZ,3077311,,http://www.wikidata.org/entity/Q214,Slovakia,SK,3057568
http://www.wikidata.org/entity/Q40,Austria,AT,2782113,,http://www.wikidata.org/entity/Q214,Slovakia,SK,3057568
http://www.wikidata.org/entity/Q40,Austria,AT,2782113,,http://www.wikidata.org/entity/Q215,Slovenia,SI,3190538
http://www.wikidata.org/entity/Q38,Italy,IT,3175395,,http://www.wikidata.org/entity/Q215,Slovenia,SI,3190538
http://www.wikidata.org/entity/Q33,Finland,FI,660013,,http://www.wikidata.org/entity/Q215443,Swedish Empire,,
http://www.wikidata.org/entity/Q145,United Kingdom,GB,2635167,,http://www.wikidata.org/entity/Q215530,Kingdom of Ireland,,
http://www.wikidata.org/entity/Q27,Ireland,IE,2963597,,http://www.wikidata.org/entity/Q215530,Kingdom of Ireland,,
http://www.wikidata.org/entity/Q36,Poland,PL,798544,,http://www.wikidata.org/entity/Q216173,Free City of Danzig,,
http://www.wikidata.org/entity/Q27306,Kingdom of Prussia,,,,http://www.wikidata.org/entity/Q216173,Free City of Danzig,,
http://www.wikidata.org/entity/Q8890160,Kingdom of Poland,,,,http://www.wikidata.org/entity/Q216173,Free City of Danzig,,
http://www.wikidata.org/entity/Q15180,Soviet Union,,8354411,,http://www.wikidata.org/entity/Q217,Moldova,MD,617790
http://www.wikidata.org/entity/Q964024,Moldavian Democratic Republic,,,,http://www.wikidata.org/entity/Q217,Moldova,MD,617790
http://www.wikidata.org/entity/Q29,Spain,ES,2510769,,http://www.wikidata.org/entity/Q217196,Crown of Castile,,
http://www.wikidata.org/entity/Q77,Uruguay,UY,3439705,,http://www.wikidata.org/entity/Q217230,Empire of Brazil,,
http://www.wikidata.org/entity/Q171150,Kingdom of Hungary,,,,http://www.wikidata.org/entity/Q218,Romania,RO,798549
http://www.wikidata.org/entity/Q219,Bulgaria,BG,732800,,http://www.wikidata.org/entity/Q218,Romania,RO,798549
http://www.wikidata.org/entity/Q217,Moldova,MD,617790,,http://www.wikidata.org/entity/Q218,Romania,RO,798549
http://www.wikidata.org/entity/Q28,Hungary,HU,719819,,http://www.wikidata.org/entity/Q218,Romania,RO,798549
http://www.wikidata.org/entity/Q212,Ukraine,UA,690791,,http://www.wikidata.org/entity/Q218,Romania,RO,798549
http://www.wikidata.org/entity/Q403,Serbia,RS,6290252,,http://www.wikidata.org/entity/Q218,Romania,RO,798549
http://www.wikidata.org/entity/Q12560,Ottoman Empire,,,,http://www.wikidata.org/entity/Q219,Bulgaria,BG,732800
http://www.wikidata.org/entity/Q221,North Macedonia,MK,718075,,http://www.wikidata.org/entity/Q219,Bulgaria,BG,732800
http://www.wikidata.org/entity/Q41,Greece,GR,390903,,http://www.wikidata.org/entity/Q219,Bulgaria,BG,732800
http://www.wikidata.org/entity/Q403,Serbia,RS,6290252,,http://www.wikidata.org/entity/Q219,Bulgaria,BG,732800
http://www.wikidata.org/entity/Q43,Turkey,TR,298795,,http://www.wikidata.org/entity/Q219,Bulgaria,BG,732800
http://www.wikidata.org/entity/Q801,Israel,IL,294640,,http://www.wikidata.org/entity/Q219060,Palestine,PS,6254930
http://www.wikidata.org/entity/Q79,Egypt,EG,357994,,http://www.wikidata.org/entity/Q219060,Palestine,PS,6254930
http://www.wikidata.org/entity/Q219,Bulgaria,BG,732800,,http://www.wikidata.org/entity/Q221,North Macedonia,MK,718075
http://www.wikidata.org/entity/Q155,Brazil,BR,3469034,,http://www.wikidata.org/entity/Q221357,Dutch Brazil,,
http://www.wikidata.org/entity/Q2277,Roman Empire,,8354456,,http://www.wikidata.org/entity/Q222,Albania,AL,783754
http://www.wikidata.org/entity/Q41,Greece,GR,390903,,http://www.wikidata.org/entity/Q222,Albania,AL,783754
http://www.wikidata.org/entity/Q183,Germany,DE,2921044,,http://www.wikidata.org/entity/Q2227570,Duchy of Württemberg,,
http://www.wikidata.org/entity/Q756617,Kingdom of Denmark,,,,http://www.wikidata.org/entity/Q223,Greenland,GL,3425505
http://www.wikidata.org/entity/Q1337854,Emirate of Córdoba,,,,http://www.wikidata.org/entity/Q2235609,Taifa of Huesca,,
http://www.wikidata.org/entity/Q171740,Caliphate of Córdoba,,,,http://www.wikidata.org/entity/Q2235609,Taifa of Huesca,,
http://www.wikidata.org/entity/Q38,Italy,IT,3175395,,http://www.wikidata.org/entity/Q223793,Kingdom of Etruria,,
http://www.wikidata.org/entity/Q153529,Duchy of Milan,,,,http://www.wikidata.org/entity/Q223936,Kingdom of Italy,,
http://www.wikidata.org/entity/Q172579,Kingdom of Italy,,,,http://www.wikidata.org/entity/Q223936,Kingdom of Italy,,
http://www.wikidata.org/entity/Q224,Croatia,HR,3202326,,http://www.wikidata.org/entity/Q223936,Kingdom of Italy,,
http://www.wikidata.org/entity/Q209857,Kingdom of Lombardy–Venetia,,,,http://www.wikidata.org/entity/Q223936,Kingdom of Italy,,
http://www.wikidata.org/entity/Q38,Italy,IT,3175395,,http://www.wikidata.org/entity/Q223936,Kingdom of Italy,,
http://www.wikidata.org/entity/Q1747689,Ancient Rome,,,,http://www.wikidata.org/entity/Q224,Croatia,HR,3202326
http://www.wikidata.org/entity/Q36704,Yugoslavia,YU,8505035,,http://www.wikidata.org/entity/Q224,Croatia,HR,3202326
http://www.wikidata.org/entity/Q28513,Austria–Hungary,,,,http://www.wikidata.org/entity/Q225,Bosnia and Herzegovina,BA,3277605
http://www.wikidata.org/entity/Q236,Montenegro,ME,3194884,,http://www.wikidata.org/entity/Q225,Bosnia and Herzegovina,BA,3277605
http://www.wikidata.org/entity/Q38,Italy,IT,3175395,,http://www.wikidata.org/entity/Q2268597,United Provinces of Central Italy,,
http://www.wikidata.org/entity/Q15180,Soviet Union,,8354411,,http://www.wikidata.org/entity/Q227,Azerbaijan,AZ,587116
http://www.wikidata.org/entity/Q159,Russia,RU,2017370,,http://www.wikidata.org/entity/Q227,Azerbaijan,AZ,587116
http://www.wikidata.org/entity/Q230,Georgia,GE,614540,,http://www.wikidata.org/entity/Q227,Azerbaijan,AZ,587116
http://www.wikidata.org/entity/Q34266,Russian Empire,,,,http://www.wikidata.org/entity/Q227,Azerbaijan,AZ,587116
http://www.wikidata.org/entity/Q244165,Republic of Artsakh,,,,http://www.wikidata.org/entity/Q227,Azerbaijan,AZ,587116
http://www.wikidata.org/entity/Q794,Iran,IR,130758,,http://www.wikidata.org/entity/Q227,Azerbaijan,AZ,587116
http://www.wikidata.org/entity/Q399,Armenia,AM,174982,,http://www.wikidata.org/entity/Q227,Azerbaijan,AZ,587116
http://www.wikidata.org/entity/Q1747689,Ancient Rome,,,,http://www.wikidata.org/entity/Q2277,Roman Empire,,8354456
http://www.wikidata.org/entity/Q12544,Byzantine Empire,,,,http://www.wikidata.org/entity/Q2277,Roman Empire,,8354456
http://www.wikidata.org/entity/Q142,France,FR,3017382,,http://www.wikidata.org/entity/Q2277,Roman Empire,,8354456
http://www.wikidata.org/entity/Q1028,Morocco,MA,2542007,,http://www.wikidata.org/entity/Q2277,Roman Empire,,8354456
http://www.wikidata.org/entity/Q29,Spain,ES,2510769,,http://www.wikidata.org/entity/Q2277,Roman Empire,,8354456
http://www.wikidata.org/entity/Q38,Italy,IT,3175395,,http://www.wikidata.org/entity/Q2277,Roman Empire,,8354456
http://www.wikidata.org/entity/Q222,Albania,AL,783754,,http://www.wikidata.org/entity/Q2277,Roman Empire,,8354456
http://www.wikidata.org/entity/Q219060,Palestine,PS,6254930,,http://www.wikidata.org/entity/Q2277,Roman Empire,,8354456
http://www.wikidata.org/entity/Q858,Syria,SY,163843,,http://www.wikidata.org/entity/Q2277,Roman Empire,,8354456
http://www.wikidata.org/entity/Q79,Egypt,EG,357994,,http://www.wikidata.org/entity/Q2277,Roman Empire,,8354456
http://www.wikidata.org/entity/Q810,Jordan,JO,248816,,http://www.wikidata.org/entity/Q2277,Roman Empire,,8354456
http://www.wikidata.org/entity/Q45,Portugal,PT,2264397,,http://www.wikidata.org/entity/Q2277,Roman Empire,,8354456
http://www.wikidata.org/entity/Q877875,Palmyrene Empire,,8378566,,http://www.wikidata.org/entity/Q2277,Roman Empire,,8354456
http://www.wikidata.org/entity/Q43,Turkey,TR,298795,,http://www.wikidata.org/entity/Q2277,Roman Empire,,8354456
http://www.wikidata.org/entity/Q29,Spain,ES,2510769,,http://www.wikidata.org/entity/Q228,Andorra,AD,3041565
http://www.wikidata.org/entity/Q183,Germany,DE,2921044,,http://www.wikidata.org/entity/Q22880,Electoral Palatinate,,
http://www.wikidata.org/entity/Q145,United Kingdom,GB,2635167,,http://www.wikidata.org/entity/Q229,Cyprus,CY,146669
http://www.wikidata.org/entity/Q23681,Northern Cyprus,,8220545,,http://www.wikidata.org/entity/Q229,Cyprus,CY,146669
http://www.wikidata.org/entity/Q15180,Soviet Union,,8354411,,http://www.wikidata.org/entity/Q230,Georgia,GE,614540
http://www.wikidata.org/entity/Q159,Russia,RU,2017370,,http://www.wikidata.org/entity/Q230,Georgia,GE,614540
http://www.wikidata.org/entity/Q227,Azerbaijan,AZ,587116,,http://www.wikidata.org/entity/Q230,Georgia,GE,614540
http://www.wikidata.org/entity/Q211,Latvia,LV,458258,,http://www.wikidata.org/entity/Q2300296,Latvian Socialist Soviet Republic,,
http://www.wikidata.org/entity/Q3185305,United Kingdom of Israel,,,,http://www.wikidata.org/entity/Q230407,Kingdom of Israel,,
http://www.wikidata.org/entity/Q191,Estonia,EE,453733,,http://www.wikidata.org/entity/Q2305208,Russian Socialist Federative Soviet Republic,,
http://www.wikidata.org/entity/Q139319,Russian Republic,,,,http://www.wikidata.org/entity/Q2305208,Russian Socialist Federative Soviet Republic,,
http://www.wikidata.org/entity/Q15180,Soviet Union,,8354411,,http://www.wikidata.org/entity/Q2305208,Russian Socialist Federative Soviet Republic,,
http://www.wikidata.org/entity/Q186537,Khanate of Qazan,,,,http://www.wikidata.org/entity/Q2305208,Russian Socialist Federative Soviet Republic,,
http://www.wikidata.org/entity/Q186096,Tsardom of Russia,,,,http://www.wikidata.org/entity/Q2305208,Russian Socialist Federative Soviet Republic,,
http://www.wikidata.org/entity/Q159,Russia,RU,2017370,,http://www.wikidata.org/entity/Q2305208,Russian Socialist Federative Soviet Republic,,
http://www.wikidata.org/entity/Q184,Belarus,BY,630336,,http://www.wikidata.org/entity/Q2305208,Russian Socialist Federative Soviet Republic,,
http://www.wikidata.org/entity/Q232,Kazakhstan,KZ,1522867,,http://www.wikidata.org/entity/Q2305208,Russian Socialist Federative Soviet Republic,,
http://www.wikidata.org/entity/Q211,Latvia,LV,458258,,http://www.wikidata.org/entity/Q2305208,Russian Socialist Federative Soviet Republic,,
http://www.wikidata.org/entity/Q34266,Russian Empire,,,,http://www.wikidata.org/entity/Q2305208,Russian Socialist Federative Soviet Republic,,
http://www.wikidata.org/entity/Q33,Finland,FI,660013,,http://www.wikidata.org/entity/Q2305208,Russian Socialist Federative Soviet Republic,,
http://www.wikidata.org/entity/Q212,Ukraine,UA,690791,,http://www.wikidata.org/entity/Q2305208,Russian Socialist Federative Soviet Republic,,
http://www.wikidata.org/entity/Q265,Uzbekistan,UZ,1512440,,http://www.wikidata.org/entity/Q2305208,Russian Socialist Federative Soviet Republic,,
http://www.wikidata.org/entity/Q217,Moldova,MD,617790,,http://www.wikidata.org/entity/Q2305208,Russian Socialist Federative Soviet Republic,,
http://www.wikidata.org/entity/Q79965,Golden Horde,,,,http://www.wikidata.org/entity/Q2305208,Russian Socialist Federative Soviet Republic,,
http://www.wikidata.org/entity/Q874,Turkmenistan,TM,1218197,,http://www.wikidata.org/entity/Q2305208,Russian Socialist Federative Soviet Republic,,
http://www.wikidata.org/entity/Q813,Kyrgyzstan,KG,1527747,,http://www.wikidata.org/entity/Q2305208,Russian Socialist Federative Soviet Republic,,
http://www.wikidata.org/entity/Q863,Tajikistan,TJ,1220409,,http://www.wikidata.org/entity/Q2305208,Russian Socialist Federative Soviet Republic,,
http://www.wikidata.org/entity/Q15180,Soviet Union,,8354411,,http://www.wikidata.org/entity/Q232,Kazakhstan,KZ,1522867
http://www.wikidata.org/entity/Q34266,Russian Empire,,,,http://www.wikidata.org/entity/Q232,Kazakhstan,KZ,1522867
http://www.wikidata.org/entity/Q39,Switzerland,CH,2658434,,http://www.wikidata.org/entity/Q23366230,Republic of Geneva,,
http://www.wikidata.org/entity/Q159,Russia,RU,2017370,,http://www.wikidata.org/entity/Q2341105,Great Horde,,
http://www.wikidata.org/entity/Q805,Yemen,YE,69543,,http://www.wikidata.org/entity/Q2342941,Tahirid Sultanate,,
http://www.wikidata.org/entity/Q225,Bosnia and Herzegovina,BA,3277605,,http://www.wikidata.org/entity/Q236,Montenegro,ME,3194884
http://www.wikidata.org/entity/Q229,Cyprus,CY,146669,,http://www.wikidata.org/entity/Q23681,Northern Cyprus,,8220545
http://www.wikidata.org/entity/Q211,Latvia,LV,458258,,http://www.wikidata.org/entity/Q2369784,Interwar Latvia,,
http://www.wikidata.org/entity/Q38,Italy,IT,3175395,,http://www.wikidata.org/entity/Q237,Vatican City,VA,3164670
http://www.wikidata.org/entity/Q836,Myanmar,MM,1327865,,http://www.wikidata.org/entity/Q2376315,British rule in Myanmar,,
http://www.wikidata.org/entity/Q159,Russia,RU,2017370,,http://www.wikidata.org/entity/Q2381337,Ukrainian People's Republic of Soviets,,
http://www.wikidata.org/entity/Q205708,Taifa of Granada,,,,http://www.wikidata.org/entity/Q238445,Emirate of Granada,,
http://www.wikidata.org/entity/Q199688,Almohad Caliphate,,,,http://www.wikidata.org/entity/Q238445,Emirate of Granada,,
http://www.wikidata.org/entity/Q75613,Almoravid dynasty,,,,http://www.wikidata.org/entity/Q238445,Emirate of Granada,,
http://www.wikidata.org/entity/Q36,Poland,PL,798544,,http://www.wikidata.org/entity/Q2396442,Kingdom of Galicia and Lodomeria,,
http://www.wikidata.org/entity/Q212,Ukraine,UA,690791,,http://www.wikidata.org/entity/Q2396442,Kingdom of Galicia and Lodomeria,,
http://www.wikidata.org/entity/Q1246,Kosovo,XK,831053,,http://www.wikidata.org/entity/Q241748,Kingdom of Serbia,,
http://www.wikidata.org/entity/Q218,Romania,RO,798549,,http://www.wikidata.org/entity/Q241748,Kingdom of Serbia,,
http://www.wikidata.org/entity/Q221,North Macedonia,MK,718075,,http://www.wikidata.org/entity/Q241748,Kingdom of Serbia,,
http://www.wikidata.org/entity/Q236,Montenegro,ME,3194884,,http://www.wikidata.org/entity/Q241748,Kingdom of Serbia,,
http://www.wikidata.org/entity/Q403,Serbia,RS,6290252,,http://www.wikidata.org/entity/Q241748,Kingdom of Serbia,,
http://www.wikidata.org/entity/Q774,Guatemala,GT,3595528,,http://www.wikidata.org/entity/Q242,Belize,BZ,3582678
http://www.wikidata.org/entity/Q1747689,Ancient Rome,,,,http://www.wikidata.org/entity/Q2429397,Ancient Carthage,,
http://www.wikidata.org/entity/Q38,Italy,IT,3175395,,http://www.wikidata.org/entity/Q2429397,Ancient Carthage,,
http://www.wikidata.org/entity/Q207272,Second Polish Republic,,,,http://www.wikidata.org/entity/Q243610,Ukrainian People's Republic,,
http://www.wikidata.org/entity/Q1508143,Ukrainian State,,,,http://www.wikidata.org/entity/Q243610,Ukrainian People's Republic,,
http://www.wikidata.org/entity/Q159,Russia,RU,2017370,,http://www.wikidata.org/entity/Q243610,Ukrainian People's Republic,,
http://www.wikidata.org/entity/Q131964,Austrian Empire,,,,http://www.wikidata.org/entity/Q243610,Ukrainian People's Republic,,
http://www.wikidata.org/entity/Q172107,Polish–Lithuanian Commonwealth,,,,http://www.wikidata.org/entity/Q243610,Ukrainian People's Republic,,
http://www.wikidata.org/entity/Q15180,Soviet Union,,8354411,,http://www.wikidata.org/entity/Q243610,Ukrainian People's Republic,,
http://www.wikidata.org/entity/Q28513,Austria–Hungary,,,,http://www.wikidata.org/entity/Q243610,Ukrainian People's Republic,,
http://www.wikidata.org/entity/Q212,Ukraine,UA,690791,,http://www.wikidata.org/entity/Q243610,Ukrainian People's Republic,,
http://www.wikidata.org/entity/Q34266,Russian Empire,,,,http://www.wikidata.org/entity/Q243610,Ukrainian People's Republic,,
http://www.wikidata.org/entity/Q217,Moldova,MD,617790,,http://www.wikidata.org/entity/Q243610,Ukrainian People's Republic,,
http://www.wikidata.org/entity/Q7318,Nazi Germany,,,,http://www.wikidata.org/entity/Q243610,Ukrainian People's Republic,,
http://www.wikidata.org/entity/Q4470663,Ukrainian national government (1941),,,,http://www.wikidata.org/entity/Q243610,Ukrainian People's Republic,,
http://www.wikidata.org/entity/Q457167,West Ukrainian People's Republic,,,,http://www.wikidata.org/entity/Q243610,Ukrainian People's Republic,,
http://www.wikidata.org/entity/Q28,Hungary,HU,719819,,http://www.wikidata.org/entity/Q243652,Hungarian Soviet Republic,,
http://www.wikidata.org/entity/Q227,Azerbaijan,AZ,587116,,http://www.wikidata.org/entity/Q244165,Republic of Artsakh,,
http://www.wikidata.org/entity/Q148,People's Republic of China,CN,1814991,,http://www.wikidata.org/entity/Q2444884,Tibet,,
http://www.wikidata.org/entity/Q159,Russia,RU,2017370,,http://www.wikidata.org/entity/Q2450154,Avar Khanate,,
http://www.wikidata.org/entity/Q230,Georgia,GE,614540,,http://www.wikidata.org/entity/Q245160,Democratic Republic of Georgia,,
http://www.wikidata.org/entity/Q214,Slovakia,SK,3057568,,http://www.wikidata.org/entity/Q2454585,Third Czechoslovak Republic,,
http://www.wikidata.org/entity/Q159,Russia,RU,2017370,,http://www.wikidata.org/entity/Q2479352,Grand Principality of Perm,,
http://www.wikidata.org/entity/Q183,Germany,DE,2921044,,http://www.wikidata.org/entity/Q249428,Grand Duchy of Berg,,
http://www.wikidata.org/entity/Q191,Estonia,EE,453733,,http://www.wikidata.org/entity/Q252,Indonesia,ID,1643084
http://www.wikidata.org/entity/Q188161,Dutch East Indies,,,,http://www.wikidata.org/entity/Q252,Indonesia,ID,1643084
http://www.wikidata.org/entity/Q1469742,Sunda Kingdom,,,,http://www.wikidata.org/entity/Q252,Indonesia,ID,1643084
http://www.wikidata.org/entity/Q334,Singapore,SG,1880251,,http://www.wikidata.org/entity/Q252,Indonesia,ID,1643084
http://www.wikidata.org/entity/Q5519387,Galuh Kingdom,,,,http://www.wikidata.org/entity/Q252,Indonesia,ID,1643084
http://www.wikidata.org/entity/Q734867,Banten Sultanate,,,,http://www.wikidata.org/entity/Q252,Indonesia,ID,1643084
http://www.wikidata.org/entity/Q833,Malaysia,MY,1733045,,http://www.wikidata.org/entity/Q252,Indonesia,ID,1643084
http://www.wikidata.org/entity/Q574,Timor-Leste,TL,1966436,,http://www.wikidata.org/entity/Q252,Indonesia,ID,1643084
http://www.wikidata.org/entity/Q214,Slovakia,SK,3057568,,http://www.wikidata.org/entity/Q253094,Kingdom of Hungary,,
http://www.wikidata.org/entity/Q212,Ukraine,UA,690791,,http://www.wikidata.org/entity/Q25395037,Kingdom of Hungary,,
http://www.wikidata.org/entity/Q214,Slovakia,SK,3057568,,http://www.wikidata.org/entity/Q25395037,Kingdom of Hungary,,
http://www.wikidata.org/entity/Q183,Germany,DE,2921044,,http://www.wikidata.org/entity/Q256961,Electorate of Bavaria,,
http://www.wikidata.org/entity/Q153529,Duchy of Milan,,,,http://www.wikidata.org/entity/Q2577303,Kingdom of Sardinia,,
http://www.wikidata.org/entity/Q38,Italy,IT,3175395,,http://www.wikidata.org/entity/Q2577303,Kingdom of Sardinia,,
http://www.wikidata.org/entity/Q1030,Namibia,NA,3355338,,http://www.wikidata.org/entity/Q258,South Africa,ZA,953987
http://www.wikidata.org/entity/Q30,United States,US,6252001,,http://www.wikidata.org/entity/Q2593459,Provisional Government of Hawaii,,
http://www.wikidata.org/entity/Q20,Norway,NO,3144096,,http://www.wikidata.org/entity/Q2597352,Kingdom of Norway,,
http://www.wikidata.org/entity/Q265,Uzbekistan,UZ,1512440,,http://www.wikidata.org/entity/Q25979,Kushan Empire,,
http://www.wikidata.org/entity/Q96,Mexico,MX,3996063,,http://www.wikidata.org/entity/Q2608489,Aztec Empire,,
http://www.wikidata.org/entity/Q41,Greece,GR,390903,,http://www.wikidata.org/entity/Q2618121,Principality of Samos,,
http://www.wikidata.org/entity/Q142,France,FR,3017382,,http://www.wikidata.org/entity/Q262,Algeria,DZ,2589581
http://www.wikidata.org/entity/Q1747689,Ancient Rome,,,,http://www.wikidata.org/entity/Q262,Algeria,DZ,2589581
http://www.wikidata.org/entity/Q12544,Byzantine Empire,,,,http://www.wikidata.org/entity/Q262,Algeria,DZ,2589581
http://www.wikidata.org/entity/Q1045,Somalia,SO,51537,,http://www.wikidata.org/entity/Q2621587,Waqooyi-Bari,,
http://www.wikidata.org/entity/Q399,Armenia,AM,174982,,http://www.wikidata.org/entity/Q2622868,Bagratid Armenia,,
http://www.wikidata.org/entity/Q183,Germany,DE,2921044,,http://www.wikidata.org/entity/Q264970,Anhalt-Köthen,,
http://www.wikidata.org/entity/Q15180,Soviet Union,,8354411,,http://www.wikidata.org/entity/Q265,Uzbekistan,UZ,1512440
http://www.wikidata.org/entity/Q34266,Russian Empire,,,,http://www.wikidata.org/entity/Q265,Uzbekistan,UZ,1512440
http://www.wikidata.org/entity/Q874,Turkmenistan,TM,1218197,,http://www.wikidata.org/entity/Q265,Uzbekistan,UZ,1512440
http://www.wikidata.org/entity/Q794,Iran,IR,130758,,http://www.wikidata.org/entity/Q265,Uzbekistan,UZ,1512440
http://www.wikidata.org/entity/Q813,Kyrgyzstan,KG,1527747,,http://www.wikidata.org/entity/Q265,Uzbekistan,UZ,1512440
http://www.wikidata.org/entity/Q863,Tajikistan,TJ,1220409,,http://www.wikidata.org/entity/Q265,Uzbekistan,UZ,1512440
http://www.wikidata.org/entity/Q889,Afghanistan,AF,1149361,,http://www.wikidata.org/entity/Q265,Uzbekistan,UZ,1512440
http://www.wikidata.org/entity/Q484578,Uzbek Soviet Socialist Republic,,,,http://www.wikidata.org/entity/Q265,Uzbekistan,UZ,1512440
http://www.wikidata.org/entity/Q265,Uzbekistan,UZ,1512440,,http://www.wikidata.org/entity/Q26576,Hephthalites,,
http://www.wikidata.org/entity/Q213,Czech Republic,CZ,3077311,,http://www.wikidata.org/entity/Q2670751,Margraviate of Moravia,,
http://www.wikidata.org/entity/Q171740,Caliphate of Córdoba,,,,http://www.wikidata.org/entity/Q2671329,Taifa of Calatayud,,
http://www.wikidata.org/entity/Q1337854,Emirate of Córdoba,,,,http://www.wikidata.org/entity/Q2671329,Taifa of Calatayud,,
http://www.wikidata.org/entity/Q33061,Taifa of Zaragoza,,,,http://www.wikidata.org/entity/Q2671329,Taifa of Calatayud,,
http://www.wikidata.org/entity/Q29,Spain,ES,2510769,,http://www.wikidata.org/entity/Q2671329,Taifa of Calatayud,,
http://www.wikidata.org/entity/Q8575586,Umayyad Caliphate,,,,http://www.wikidata.org/entity/Q2671329,Taifa of Calatayud,,
http://www.wikidata.org/entity/Q75613,Almoravid dynasty,,,,http://www.wikidata.org/entity/Q2671329,Taifa of Calatayud,,
http://www.wikidata.org/entity/Q2364248,Sulayhid dynasty,,,,http://www.wikidata.org/entity/Q267584,Yemen Arab Republic,,
http://www.wikidata.org/entity/Q805,Yemen,YE,69543,,http://www.wikidata.org/entity/Q267584,Yemen Arab Republic,,
http://www.wikidata.org/entity/Q218,Romania,RO,798549,,http://www.wikidata.org/entity/Q2685298,Romanian People's Republic,,
http://www.wikidata.org/entity/Q40,Austria,AT,2782113,,http://www.wikidata.org/entity/Q268970,Republic of German-Austria,,
http://www.wikidata.org/entity/Q664,New Zealand,NZ,2186224,,http://www.wikidata.org/entity/Q26988,Cook Islands,CK,1899402
http://www.wikidata.org/entity/Q265,Uzbekistan,UZ,1512440,,http://www.wikidata.org/entity/Q26996,Kidarites,,
http://www.wikidata.org/entity/Q145,United Kingdom,GB,2635167,,http://www.wikidata.org/entity/Q27,Ireland,IE,2963597
http://www.wikidata.org/entity/Q215530,Kingdom of Ireland,,,,http://www.wikidata.org/entity/Q27,Ireland,IE,2963597
http://www.wikidata.org/entity/Q31,Belgium,BE,2802361,,http://www.wikidata.org/entity/Q2719360,Duchy of Luxembourg,,
http://www.wikidata.org/entity/Q1206012,German Reich,,,,http://www.wikidata.org/entity/Q27306,Kingdom of Prussia,,
http://www.wikidata.org/entity/Q153091,Duchy of Prussia,,,,http://www.wikidata.org/entity/Q27306,Kingdom of Prussia,,
http://www.wikidata.org/entity/Q183,Germany,DE,2921044,,http://www.wikidata.org/entity/Q27306,Kingdom of Prussia,,
http://www.wikidata.org/entity/Q156020,State of the Teutonic Order,,,,http://www.wikidata.org/entity/Q27306,Kingdom of Prussia,,
http://www.wikidata.org/entity/Q159,Russia,RU,2017370,,http://www.wikidata.org/entity/Q27306,Kingdom of Prussia,,
http://www.wikidata.org/entity/Q164079,Kingdom of Hanover,,,,http://www.wikidata.org/entity/Q27306,Kingdom of Prussia,,
http://www.wikidata.org/entity/Q37,Lithuania,LT,597427,,http://www.wikidata.org/entity/Q27306,Kingdom of Prussia,,
http://www.wikidata.org/entity/Q216173,Free City of Danzig,,,,http://www.wikidata.org/entity/Q27306,Kingdom of Prussia,,
http://www.wikidata.org/entity/Q36,Poland,PL,798544,,http://www.wikidata.org/entity/Q27306,Kingdom of Prussia,,
http://www.wikidata.org/entity/Q211274,Polish People's Republic,,,,http://www.wikidata.org/entity/Q27306,Kingdom of Prussia,,
http://www.wikidata.org/entity/Q8890160,Kingdom of Poland,,,,http://www.wikidata.org/entity/Q27306,Kingdom of Prussia,,
http://www.wikidata.org/entity/Q12490507,Rashidun Caliphate,,,,http://www.wikidata.org/entity/Q273874,Buyid dynasty,,
http://www.wikidata.org/entity/Q12536,Abbasid Caliphate,,,,http://www.wikidata.org/entity/Q273874,Buyid dynasty,,
http://www.wikidata.org/entity/Q1986139,Parthian Empire,,,,http://www.wikidata.org/entity/Q273874,Buyid dynasty,,
http://www.wikidata.org/entity/Q128904,Elam,,,,http://www.wikidata.org/entity/Q273874,Buyid dynasty,,
http://www.wikidata.org/entity/Q3708094,Seljuk Empire,,,,http://www.wikidata.org/entity/Q273874,Buyid dynasty,,
http://www.wikidata.org/entity/Q83891,Sasanian Empire,,,,http://www.wikidata.org/entity/Q273874,Buyid dynasty,,
http://www.wikidata.org/entity/Q794,Iran,IR,130758,,http://www.wikidata.org/entity/Q273874,Buyid dynasty,,
http://www.wikidata.org/entity/Q8575586,Umayyad Caliphate,,,,http://www.wikidata.org/entity/Q273874,Buyid dynasty,,
http://www.wikidata.org/entity/Q171740,Caliphate of Córdoba,,,,http://www.wikidata.org/entity/Q276841,Taifa of Badajoz,,
http://www.wikidata.org/entity/Q1337854,Emirate of Córdoba,,,,http://www.wikidata.org/entity/Q276841,Taifa of Badajoz,,
http://www.wikidata.org/entity/Q199688,Almohad Caliphate,,,,http://www.wikidata.org/entity/Q276841,Taifa of Badajoz,,
http://www.wikidata.org/entity/Q183,Germany,DE,2921044,,http://www.wikidata.org/entity/Q278874,Anhalt-Dessau,,
http://www.wikidata.org/entity/Q171150,Kingdom of Hungary,,,,http://www.wikidata.org/entity/Q28,Hungary,HU,719819
http://www.wikidata.org/entity/Q218,Romania,RO,798549,,http://www.wikidata.org/entity/Q28,Hungary,HU,719819
http://www.wikidata.org/entity/Q212,Ukraine,UA,690791,,http://www.wikidata.org/entity/Q28,Hungary,HU,719819
http://www.wikidata.org/entity/Q36,Poland,PL,798544,,http://www.wikidata.org/entity/Q28,Hungary,HU,719819
http://www.wikidata.org/entity/Q214,Slovakia,SK,3057568,,http://www.wikidata.org/entity/Q28,Hungary,HU,719819
http://www.wikidata.org/entity/Q40,Austria,AT,2782113,,http://www.wikidata.org/entity/Q28,Hungary,HU,719819
http://www.wikidata.org/entity/Q17,Japan,JP,1861060,,http://www.wikidata.org/entity/Q28025,Ryukyu Kingdom,,
http://www.wikidata.org/entity/Q28233,Korean Empire,,,,http://www.wikidata.org/entity/Q28179,Joseon,,
http://www.wikidata.org/entity/Q28179,Joseon,,,,http://www.wikidata.org/entity/Q28233,Korean Empire,,
http://www.wikidata.org/entity/Q423,North Korea,KP,1873107,,http://www.wikidata.org/entity/Q28233,Korean Empire,,
http://www.wikidata.org/entity/Q79,Egypt,EG,357994,,http://www.wikidata.org/entity/Q282428,Mamluk Sultanate of Egypt,,
http://www.wikidata.org/entity/Q43,Turkey,TR,298795,,http://www.wikidata.org/entity/Q282428,Mamluk Sultanate of Egypt,,
http://www.wikidata.org/entity/Q230,Georgia,GE,614540,,http://www.wikidata.org/entity/Q282475,Kingdom of Kartli-Kakheti,,
http://www.wikidata.org/entity/Q399,Armenia,AM,174982,,http://www.wikidata.org/entity/Q282475,Kingdom of Kartli-Kakheti,,
http://www.wikidata.org/entity/Q1508143,Ukrainian State,,,,http://www.wikidata.org/entity/Q28513,Austria–Hungary,,
http://www.wikidata.org/entity/Q131964,Austrian Empire,,,,http://www.wikidata.org/entity/Q28513,Austria–Hungary,,
http://www.wikidata.org/entity/Q207272,Second Polish Republic,,,,http://www.wikidata.org/entity/Q28513,Austria–Hungary,,
http://www.wikidata.org/entity/Q203493,Kingdom of Romania,,,,http://www.wikidata.org/entity/Q28513,Austria–Hungary,,
http://www.wikidata.org/entity/Q15180,Soviet Union,,8354411,,http://www.wikidata.org/entity/Q28513,Austria–Hungary,,
http://www.wikidata.org/entity/Q172107,Polish–Lithuanian Commonwealth,,,,http://www.wikidata.org/entity/Q28513,Austria–Hungary,,
http://www.wikidata.org/entity/Q153136,Habsburg monarchy,,,,http://www.wikidata.org/entity/Q28513,Austria–Hungary,,
http://www.wikidata.org/entity/Q140359,First Czechoslovak Republic,,,,http://www.wikidata.org/entity/Q28513,Austria–Hungary,,
http://www.wikidata.org/entity/Q225,Bosnia and Herzegovina,BA,3277605,,http://www.wikidata.org/entity/Q28513,Austria–Hungary,,
http://www.wikidata.org/entity/Q33946,Czechoslovakia,,8505031,,http://www.wikidata.org/entity/Q28513,Austria–Hungary,,
http://www.wikidata.org/entity/Q28,Hungary,HU,719819,,http://www.wikidata.org/entity/Q28513,Austria–Hungary,,
http://www.wikidata.org/entity/Q224,Croatia,HR,3202326,,http://www.wikidata.org/entity/Q28513,Austria–Hungary,,
http://www.wikidata.org/entity/Q218,Romania,RO,798549,,http://www.wikidata.org/entity/Q28513,Austria–Hungary,,
http://www.wikidata.org/entity/Q214,Slovakia,SK,3057568,,http://www.wikidata.org/entity/Q28513,Austria–Hungary,,
http://www.wikidata.org/entity/Q213,Czech Republic,CZ,3077311,,http://www.wikidata.org/entity/Q28513,Austria–Hungary,,
http://www.wikidata.org/entity/Q212,Ukraine,UA,690791,,http://www.wikidata.org/entity/Q28513,Austria–Hungary,,
http://www.wikidata.org/entity/Q38,Italy,IT,3175395,,http://www.wikidata.org/entity/Q28513,Austria–Hungary,,
http://www.wikidata.org/entity/Q36,Poland,PL,798544,,http://www.wikidata.org/entity/Q28513,Austria–Hungary,,
http://www.wikidata.org/entity/Q243610,Ukrainian People's Republic,,,,http://www.wikidata.org/entity/Q28513,Austria–Hungary,,
http://www.wikidata.org/entity/Q215,Slovenia,SI,3190538,,http://www.wikidata.org/entity/Q28513,Austria–Hungary,,
http://www.wikidata.org/entity/Q403,Serbia,RS,6290252,,http://www.wikidata.org/entity/Q28513,Austria–Hungary,,
http://www.wikidata.org/entity/Q42585,Kingdom of Bohemia,,,,http://www.wikidata.org/entity/Q28513,Austria–Hungary,,
http://www.wikidata.org/entity/Q40,Austria,AT,2782113,,http://www.wikidata.org/entity/Q28513,Austria–Hungary,,
http://www.wikidata.org/entity/Q7318,Nazi Germany,,,,http://www.wikidata.org/entity/Q28513,Austria–Hungary,,
http://www.wikidata.org/entity/Q4470663,Ukrainian national government (1941),,,,http://www.wikidata.org/entity/Q28513,Austria–Hungary,,
http://www.wikidata.org/entity/Q457167,West Ukrainian People's Republic,,,,http://www.wikidata.org/entity/Q28513,Austria–Hungary,,
http://www.wikidata.org/entity/Q874,Turkmenistan,TM,1218197,,http://www.wikidata.org/entity/Q2872689,Turkestan Autonomy,,
http://www.wikidata.org/entity/Q184,Belarus,BY,630336,,http://www.wikidata.org/entity/Q2895,Byelorussian Soviet Socialist Republic,,
http://www.wikidata.org/entity/Q179293,Kingdom of Castile,,,,http://www.wikidata.org/entity/Q29,Spain,ES,2510769
http://www.wikidata.org/entity/Q1337854,Emirate of Córdoba,,,,http://www.wikidata.org/entity/Q29,Spain,ES,2510769
http://www.wikidata.org/entity/Q200262,Kingdom of Navarre,,,,http://www.wikidata.org/entity/Q29,Spain,ES,2510769
http://www.wikidata.org/entity/Q199442,Kingdom of Aragon,,,,http://www.wikidata.org/entity/Q29,Spain,ES,2510769
http://www.wikidata.org/entity/Q1028,Morocco,MA,2542007,,http://www.wikidata.org/entity/Q29,Spain,ES,2510769
http://www.wikidata.org/entity/Q1747689,Ancient Rome,,,,http://www.wikidata.org/entity/Q29,Spain,ES,2510769
http://www.wikidata.org/entity/Q145,United Kingdom,GB,2635167,,http://www.wikidata.org/entity/Q29,Spain,ES,2510769
http://www.wikidata.org/entity/Q142,France,FR,3017382,,http://www.wikidata.org/entity/Q29,Spain,ES,2510769
http://www.wikidata.org/entity/Q155,Brazil,BR,3469034,,http://www.wikidata.org/entity/Q29,Spain,ES,2510769
http://www.wikidata.org/entity/Q15581,Principality of Catalonia,,,,http://www.wikidata.org/entity/Q29,Spain,ES,2510769
http://www.wikidata.org/entity/Q171740,Caliphate of Córdoba,,,,http://www.wikidata.org/entity/Q29,Spain,ES,2510769
http://www.wikidata.org/entity/Q228,Andorra,AD,3041565,,http://www.wikidata.org/entity/Q29,Spain,ES,2510769
http://www.wikidata.org/entity/Q298,Chile,CL,3895114,,http://www.wikidata.org/entity/Q29,Spain,ES,2510769
http://www.wikidata.org/entity/Q2277,Roman Empire,,8354456,,http://www.wikidata.org/entity/Q29,Spain,ES,2510769
http://www.wikidata.org/entity/Q3446210,Kingdom of Pamplona,,,,http://www.wikidata.org/entity/Q29,Spain,ES,2510769
http://www.wikidata.org/entity/Q33061,Taifa of Zaragoza,,,,http://www.wikidata.org/entity/Q29,Spain,ES,2510769
http://www.wikidata.org/entity/Q217196,Crown of Castile,,,,http://www.wikidata.org/entity/Q29,Spain,ES,2510769
http://www.wikidata.org/entity/Q2671329,Taifa of Calatayud,,,,http://www.wikidata.org/entity/Q29,Spain,ES,2510769
http://www.wikidata.org/entity/Q30,United States,US,6252001,,http://www.wikidata.org/entity/Q29,Spain,ES,2510769
http://www.wikidata.org/entity/Q983,Equatorial Guinea,GQ,2309096,,http://www.wikidata.org/entity/Q29,Spain,ES,2510769
http://www.wikidata.org/entity/Q45,Portugal,PT,2264397,,http://www.wikidata.org/entity/Q29,Spain,ES,2510769
http://www.wikidata.org/entity/Q8575586,Umayyad Caliphate,,,,http://www.wikidata.org/entity/Q29,Spain,ES,2510769
http://www.wikidata.org/entity/Q75613,Almoravid dynasty,,,,http://www.wikidata.org/entity/Q29,Spain,ES,2510769
http://www.wikidata.org/entity/Q230,Georgia,GE,614540,,http://www.wikidata.org/entity/Q2907860,Principality of Mingrelia,,
http://www.wikidata.org/entity/Q3307686,Visigothic Kingdom of Tolosa,,,,http://www.wikidata.org/entity/Q2940142,Kingdom of Toledo,,
http://www.wikidata.org/entity/Q5919137,Empire of Theodoric the Great,,,,http://www.wikidata.org/entity/Q2940142,Kingdom of Toledo,,
http://www.wikidata.org/entity/Q29,Spain,ES,2510769,,http://www.wikidata.org/entity/Q298,Chile,CL,3895114
http://www.wikidata.org/entity/Q80702,Spanish Empire,,,,http://www.wikidata.org/entity/Q298,Chile,CL,3895114
http://www.wikidata.org/entity/Q419,Peru,PE,3932488,,http://www.wikidata.org/entity/Q298,Chile,CL,3895114
http://www.wikidata.org/entity/Q3271735,Kingdom of Arles,,,,http://www.wikidata.org/entity/Q2991382,County of Provence,,
http://www.wikidata.org/entity/Q668,India,IN,1269750,,http://www.wikidata.org/entity/Q29999,Kingdom of the Netherlands,NL,
http://www.wikidata.org/entity/Q145,United Kingdom,GB,2635167,,http://www.wikidata.org/entity/Q30,United States,US,6252001
http://www.wikidata.org/entity/Q16,Canada,CA,6251999,,http://www.wikidata.org/entity/Q30,United States,US,6252001
http://www.wikidata.org/entity/Q183,Germany,DE,2921044,,http://www.wikidata.org/entity/Q30,United States,US,6252001
http://www.wikidata.org/entity/Q35,Denmark,DK,2623032,,http://www.wikidata.org/entity/Q30,United States,US,6252001
http://www.wikidata.org/entity/Q38,Italy,IT,3175395,,http://www.wikidata.org/entity/Q30,United States,US,6252001
http://www.wikidata.org/entity/Q55,Netherlands,,2750405,,http://www.wikidata.org/entity/Q30,United States,US,6252001
http://www.wikidata.org/entity/Q733,Paraguay,PY,3437598,,http://www.wikidata.org/entity/Q30,United States,US,6252001
http://www.wikidata.org/entity/Q96,Mexico,MX,3996063,,http://www.wikidata.org/entity/Q30,United States,US,6252001
http://www.wikidata.org/entity/Q80702,Spanish Empire,,,,http://www.wikidata.org/entity/Q30,United States,US,6252001
http://www.wikidata.org/entity/Q408,Australia,AU,2077456,,http://www.wikidata.org/entity/Q30,United States,US,6252001
http://www.wikidata.org/entity/Q382593,New Netherland,,,,http://www.wikidata.org/entity/Q30,United States,US,6252001
http://www.wikidata.org/entity/Q668,India,IN,1269750,,http://www.wikidata.org/entity/Q30,United States,US,6252001
http://www.wikidata.org/entity/Q804,Panama,PA,3703430,,http://www.wikidata.org/entity/Q30,United States,US,6252001
http://www.wikidata.org/entity/Q664,New Zealand,NZ,2186224,,http://www.wikidata.org/entity/Q30,United States,US,6252001
http://www.wikidata.org/entity/Q36,Poland,PL,798544,,http://www.wikidata.org/entity/Q303836,Republic of Tarnobrzeg,,
http://www.wikidata.org/entity/Q262,Algeria,DZ,2589581,,http://www.wikidata.org/entity/Q3045696,Regency of Algiers,,
http://www.wikidata.org/entity/Q13426199,Republic of China,,,,http://www.wikidata.org/entity/Q30623,Manchukuo,,
http://www.wikidata.org/entity/Q148,People's Republic of China,CN,1814991,,http://www.wikidata.org/entity/Q30623,Manchukuo,,
http://www.wikidata.org/entity/Q1028,Morocco,MA,2542007,,http://www.wikidata.org/entity/Q309272,Mauretania,,8378518
http://www.wikidata.org/entity/Q183,Germany,DE,2921044,,http://www.wikidata.org/entity/Q31,Belgium,BE,2802361
http://www.wikidata.org/entity/Q145,United Kingdom,GB,2635167,,http://www.wikidata.org/entity/Q31,Belgium,BE,2802361
http://www.wikidata.org/entity/Q142,France,FR,3017382,,http://www.wikidata.org/entity/Q31,Belgium,BE,2802361
http://www.wikidata.org/entity/Q32,Luxembourg,LU,2960313,,http://www.wikidata.org/entity/Q31,Belgium,BE,2802361
http://www.wikidata.org/entity/Q347,Liechtenstein,LI,3042058,,http://www.wikidata.org/entity/Q31,Belgium,BE,2802361
http://www.wikidata.org/entity/Q40,Austria,AT,2782113,,http://www.wikidata.org/entity/Q31,Belgium,BE,2802361
http://www.wikidata.org/entity/Q55,Netherlands,,2750405,,http://www.wikidata.org/entity/Q31,Belgium,BE,2802361
http://www.wikidata.org/entity/Q38,Italy,IT,3175395,,http://www.wikidata.org/entity/Q31,Belgium,BE,2802361
http://www.wikidata.org/entity/Q39,Switzerland,CH,2658434,,http://www.wikidata.org/entity/Q31,Belgium,BE,2802361
http://www.wikidata.org/entity/Q183,Germany,DE,2921044,,http://www.wikidata.org/entity/Q310650,Schaumburg-Lippe,,
http://www.wikidata.org/entity/Q183,Germany,DE,2921044,,http://www.wikidata.org/entity/Q313175,Saxe-Lauenburg,,
http://www.wikidata.org/entity/Q27,Ireland,IE,2963597,,http://www.wikidata.org/entity/Q31747,Irish Free State,,
http://www.wikidata.org/entity/Q17526620,Kingdom of Shirvan,,,,http://www.wikidata.org/entity/Q3181749,Arab Caliphate,,
http://www.wikidata.org/entity/Q177076,Caucasian Albania,,,,http://www.wikidata.org/entity/Q3181749,Arab Caliphate,,
http://www.wikidata.org/entity/Q810,Jordan,JO,248816,,http://www.wikidata.org/entity/Q3181749,Arab Caliphate,,
http://www.wikidata.org/entity/Q83891,Sasanian Empire,,,,http://www.wikidata.org/entity/Q3181749,Arab Caliphate,,
http://www.wikidata.org/entity/Q230407,Kingdom of Israel,,,,http://www.wikidata.org/entity/Q3185305,United Kingdom of Israel,,
http://www.wikidata.org/entity/Q142,France,FR,3017382,,http://www.wikidata.org/entity/Q32,Luxembourg,LU,2960313
http://www.wikidata.org/entity/Q145,United Kingdom,GB,2635167,,http://www.wikidata.org/entity/Q32,Luxembourg,LU,2960313
http://www.wikidata.org/entity/Q183,Germany,DE,2921044,,http://www.wikidata.org/entity/Q32,Luxembourg,LU,2960313
http://www.wikidata.org/entity/Q347,Liechtenstein,LI,3042058,,http://www.wikidata.org/entity/Q32,Luxembourg,LU,2960313
http://www.wikidata.org/entity/Q31,Belgium,BE,2802361,,http://www.wikidata.org/entity/Q32,Luxembourg,LU,2960313
http://www.wikidata.org/entity/Q39,Switzerland,CH,2658434,,http://www.wikidata.org/entity/Q32,Luxembourg,LU,2960313
http://www.wikidata.org/entity/Q38,Italy,IT,3175395,,http://www.wikidata.org/entity/Q32,Luxembourg,LU,2960313
http://www.wikidata.org/entity/Q55,Netherlands,,2750405,,http://www.wikidata.org/entity/Q32,Luxembourg,LU,2960313
http://www.wikidata.org/entity/Q40,Austria,AT,2782113,,http://www.wikidata.org/entity/Q32,Luxembourg,LU,2960313
http://www.wikidata.org/entity/Q148,People's Republic of China,CN,1814991,,http://www.wikidata.org/entity/Q320930,Cao Wei,,
http://www.wikidata.org/entity/Q7209,Han dynasty,,,,http://www.wikidata.org/entity/Q320930,Cao Wei,,
http://www.wikidata.org/entity/Q230,Georgia,GE,614540,,http://www.wikidata.org/entity/Q325493,Kingdom of Abkhazia,,
http://www.wikidata.org/entity/Q183,Germany,DE,2921044,,http://www.wikidata.org/entity/Q326029,Duchy of Brunswick,,
http://www.wikidata.org/entity/Q2991382,County of Provence,,,,http://www.wikidata.org/entity/Q3271735,Kingdom of Arles,,
http://www.wikidata.org/entity/Q15180,Soviet Union,,8354411,,http://www.wikidata.org/entity/Q33,Finland,FI,660013
http://www.wikidata.org/entity/Q159,Russia,RU,2017370,,http://www.wikidata.org/entity/Q33,Finland,FI,660013
http://www.wikidata.org/entity/Q34,Sweden,SE,2661886,,http://www.wikidata.org/entity/Q33,Finland,FI,660013
http://www.wikidata.org/entity/Q34266,Russian Empire,,,,http://www.wikidata.org/entity/Q33,Finland,FI,660013
http://www.wikidata.org/entity/Q1337854,Emirate of Córdoba,,,,http://www.wikidata.org/entity/Q33061,Taifa of Zaragoza,,
http://www.wikidata.org/entity/Q171740,Caliphate of Córdoba,,,,http://www.wikidata.org/entity/Q33061,Taifa of Zaragoza,,
http://www.wikidata.org/entity/Q29,Spain,ES,2510769,,http://www.wikidata.org/entity/Q33061,Taifa of Zaragoza,,
http://www.wikidata.org/entity/Q2671329,Taifa of Calatayud,,,,http://www.wikidata.org/entity/Q33061,Taifa of Zaragoza,,
http://www.wikidata.org/entity/Q8575586,Umayyad Caliphate,,,,http://www.wikidata.org/entity/Q33061,Taifa of Zaragoza,,
http://www.wikidata.org/entity/Q75613,Almoravid dynasty,,,,http://www.wikidata.org/entity/Q33061,Taifa of Zaragoza,,
http://www.wikidata.org/entity/Q1747689,Ancient Rome,,,,http://www.wikidata.org/entity/Q3307686,Visigothic Kingdom of Tolosa,,
http://www.wikidata.org/entity/Q2940142,Kingdom of Toledo,,,,http://www.wikidata.org/entity/Q3307686,Visigothic Kingdom of Tolosa,,
http://www.wikidata.org/entity/Q5919137,Empire of Theodoric the Great,,,,http://www.wikidata.org/entity/Q3307686,Visigothic Kingdom of Tolosa,,
http://www.wikidata.org/entity/Q668,India,IN,1269750,,http://www.wikidata.org/entity/Q33296,Mughal Empire,,
http://www.wikidata.org/entity/Q843,Pakistan,PK,1168579,,http://www.wikidata.org/entity/Q33296,Mughal Empire,,
http://www.wikidata.org/entity/Q252,Indonesia,ID,1643084,,http://www.wikidata.org/entity/Q334,Singapore,SG,1880251
http://www.wikidata.org/entity/Q833,Malaysia,MY,1733045,,http://www.wikidata.org/entity/Q334,Singapore,SG,1880251
http://www.wikidata.org/entity/Q43,Turkey,TR,298795,,http://www.wikidata.org/entity/Q335088,Armenian Kingdom of Cilicia,,
http://www.wikidata.org/entity/Q131964,Austrian Empire,,,,http://www.wikidata.org/entity/Q33946,Czechoslovakia,,8505031
http://www.wikidata.org/entity/Q153136,Habsburg monarchy,,,,http://www.wikidata.org/entity/Q33946,Czechoslovakia,,8505031
http://www.wikidata.org/entity/Q212,Ukraine,UA,690791,,http://www.wikidata.org/entity/Q33946,Czechoslovakia,,8505031
http://www.wikidata.org/entity/Q28513,Austria–Hungary,,,,http://www.wikidata.org/entity/Q33946,Czechoslovakia,,8505031
http://www.wikidata.org/entity/Q213,Czech Republic,CZ,3077311,,http://www.wikidata.org/entity/Q33946,Czechoslovakia,,8505031
http://www.wikidata.org/entity/Q36,Poland,PL,798544,,http://www.wikidata.org/entity/Q33946,Czechoslovakia,,8505031
http://www.wikidata.org/entity/Q214,Slovakia,SK,3057568,,http://www.wikidata.org/entity/Q33946,Czechoslovakia,,8505031
http://www.wikidata.org/entity/Q42585,Kingdom of Bohemia,,,,http://www.wikidata.org/entity/Q33946,Czechoslovakia,,8505031
http://www.wikidata.org/entity/Q159,Russia,RU,2017370,,http://www.wikidata.org/entity/Q34,Sweden,SE,2661886
http://www.wikidata.org/entity/Q183,Germany,DE,2921044,,http://www.wikidata.org/entity/Q34,Sweden,SE,2661886
http://www.wikidata.org/entity/Q20,Norway,NO,3144096,,http://www.wikidata.org/entity/Q34,Sweden,SE,2661886
http://www.wikidata.org/entity/Q33,Finland,FI,660013,,http://www.wikidata.org/entity/Q34,Sweden,SE,2661886
http://www.wikidata.org/entity/Q35,Denmark,DK,2623032,,http://www.wikidata.org/entity/Q34,Sweden,SE,2661886
http://www.wikidata.org/entity/Q1322662,Principality of Chernigov,,,,http://www.wikidata.org/entity/Q34266,Russian Empire,,
http://www.wikidata.org/entity/Q148,People's Republic of China,CN,1814991,,http://www.wikidata.org/entity/Q34266,Russian Empire,,
http://www.wikidata.org/entity/Q139319,Russian Republic,,,,http://www.wikidata.org/entity/Q34266,Russian Empire,,
http://www.wikidata.org/entity/Q191,Estonia,EE,453733,,http://www.wikidata.org/entity/Q34266,Russian Empire,,
http://www.wikidata.org/entity/Q170770,Grand Principality of Moscow,,,,http://www.wikidata.org/entity/Q34266,Russian Empire,,
http://www.wikidata.org/entity/Q184,Belarus,BY,630336,,http://www.wikidata.org/entity/Q34266,Russian Empire,,
http://www.wikidata.org/entity/Q186537,Khanate of Qazan,,,,http://www.wikidata.org/entity/Q34266,Russian Empire,,
http://www.wikidata.org/entity/Q15180,Soviet Union,,8354411,,http://www.wikidata.org/entity/Q34266,Russian Empire,,
http://www.wikidata.org/entity/Q1508143,Ukrainian State,,,,http://www.wikidata.org/entity/Q34266,Russian Empire,,
http://www.wikidata.org/entity/Q186096,Tsardom of Russia,,,,http://www.wikidata.org/entity/Q34266,Russian Empire,,
http://www.wikidata.org/entity/Q159,Russia,RU,2017370,,http://www.wikidata.org/entity/Q34266,Russian Empire,,
http://www.wikidata.org/entity/Q13426199,Republic of China,,,,http://www.wikidata.org/entity/Q34266,Russian Empire,,
http://www.wikidata.org/entity/Q265,Uzbekistan,UZ,1512440,,http://www.wikidata.org/entity/Q34266,Russian Empire,,
http://www.wikidata.org/entity/Q33,Finland,FI,660013,,http://www.wikidata.org/entity/Q34266,Russian Empire,,
http://www.wikidata.org/entity/Q30,United States,US,6252001,,http://www.wikidata.org/entity/Q34266,Russian Empire,,
http://www.wikidata.org/entity/Q217,Moldova,MD,617790,,http://www.wikidata.org/entity/Q34266,Russian Empire,,
http://www.wikidata.org/entity/Q227,Azerbaijan,AZ,587116,,http://www.wikidata.org/entity/Q34266,Russian Empire,,
http://www.wikidata.org/entity/Q36,Poland,PL,798544,,http://www.wikidata.org/entity/Q34266,Russian Empire,,
http://www.wikidata.org/entity/Q37,Lithuania,LT,597427,,http://www.wikidata.org/entity/Q34266,Russian Empire,,
http://www.wikidata.org/entity/Q2305208,Russian Socialist Federative Soviet Republic,,,,http://www.wikidata.org/entity/Q34266,Russian Empire,,
http://www.wikidata.org/entity/Q230,Georgia,GE,614540,,http://www.wikidata.org/entity/Q34266,Russian Empire,,
http://www.wikidata.org/entity/Q232,Kazakhstan,KZ,1522867,,http://www.wikidata.org/entity/Q34266,Russian Empire,,
http://www.wikidata.org/entity/Q243610,Ukrainian People's Republic,,,,http://www.wikidata.org/entity/Q34266,Russian Empire,,
http://www.wikidata.org/entity/Q212,Ukraine,UA,690791,,http://www.wikidata.org/entity/Q34266,Russian Empire,,
http://www.wikidata.org/entity/Q211,Latvia,LV,458258,,http://www.wikidata.org/entity/Q34266,Russian Empire,,
http://www.wikidata.org/entity/Q210198,Erivan Khanate,,,,http://www.wikidata.org/entity/Q34266,Russian Empire,,
http://www.wikidata.org/entity/Q813,Kyrgyzstan,KG,1527747,,http://www.wikidata.org/entity/Q34266,Russian Empire,,
http://www.wikidata.org/entity/Q399,Armenia,AM,174982,,http://www.wikidata.org/entity/Q34266,Russian Empire,,
http://www.wikidata.org/entity/Q43,Turkey,TR,298795,,http://www.wikidata.org/entity/Q34266,Russian Empire,,
http://www.wikidata.org/entity/Q79965,Golden Horde,,,,http://www.wikidata.org/entity/Q34266,Russian Empire,,
http://www.wikidata.org/entity/Q874,Turkmenistan,TM,1218197,,http://www.wikidata.org/entity/Q34266,Russian Empire,,
http://www.wikidata.org/entity/Q863,Tajikistan,TJ,1220409,,http://www.wikidata.org/entity/Q34266,Russian Empire,,
http://www.wikidata.org/entity/Q49683,Grand Duchy of Lithuania,,,,http://www.wikidata.org/entity/Q34266,Russian Empire,,
http://www.wikidata.org/entity/Q874954,Principality of Theodoro,,,,http://www.wikidata.org/entity/Q34266,Russian Empire,,
http://www.wikidata.org/entity/Q29,Spain,ES,2510769,,http://www.wikidata.org/entity/Q3446210,Kingdom of Pamplona,,
http://www.wikidata.org/entity/Q183,Germany,DE,2921044,,http://www.wikidata.org/entity/Q3462133,Saxe-Coburg and Gotha,,
http://www.wikidata.org/entity/Q183,Germany,DE,2921044,,http://www.wikidata.org/entity/Q347,Liechtenstein,LI,3042058
http://www.wikidata.org/entity/Q142,France,FR,3017382,,http://www.wikidata.org/entity/Q347,Liechtenstein,LI,3042058
http://www.wikidata.org/entity/Q145,United Kingdom,GB,2635167,,http://www.wikidata.org/entity/Q347,Liechtenstein,LI,3042058
http://www.wikidata.org/entity/Q32,Luxembourg,LU,2960313,,http://www.wikidata.org/entity/Q347,Liechtenstein,LI,3042058
http://www.wikidata.org/entity/Q31,Belgium,BE,2802361,,http://www.wikidata.org/entity/Q347,Liechtenstein,LI,3042058
http://www.wikidata.org/entity/Q39,Switzerland,CH,2658434,,http://www.wikidata.org/entity/Q347,Liechtenstein,LI,3042058
http://www.wikidata.org/entity/Q55,Netherlands,,2750405,,http://www.wikidata.org/entity/Q347,Liechtenstein,LI,3042058
http://www.wikidata.org/entity/Q38,Italy,IT,3175395,,http://www.wikidata.org/entity/Q347,Liechtenstein,LI,3042058
http://www.wikidata.org/entity/Q40,Austria,AT,2782113,,http://www.wikidata.org/entity/Q347,Liechtenstein,LI,3042058
http://www.wikidata.org/entity/Q1045,Somalia,SO,51537,,http://www.wikidata.org/entity/Q34754,Somaliland,,328195
http://www.wikidata.org/entity/Q183,Germany,DE,2921044,,http://www.wikidata.org/entity/Q34762,Principality of Bayreuth,,
http://www.wikidata.org/entity/Q183,Germany,DE,2921044,,http://www.wikidata.org/entity/Q35,Denmark,DK,2623032
http://www.wikidata.org/entity/Q145,United Kingdom,GB,2635167,,http://www.wikidata.org/entity/Q35,Denmark,DK,2623032
http://www.wikidata.org/entity/Q30,United States,US,6252001,,http://www.wikidata.org/entity/Q35,Denmark,DK,2623032
http://www.wikidata.org/entity/Q223,Greenland,GL,3425505,,http://www.wikidata.org/entity/Q35,Denmark,DK,2623032
http://www.wikidata.org/entity/Q34,Sweden,SE,2661886,,http://www.wikidata.org/entity/Q35,Denmark,DK,2623032
http://www.wikidata.org/entity/Q1033,Nigeria,NG,2328926,,http://www.wikidata.org/entity/Q3509510,Second Nigerian Republic,,
http://www.wikidata.org/entity/Q1033,Nigeria,NG,2328926,,http://www.wikidata.org/entity/Q3511905,First Nigerian Republic,,
http://www.wikidata.org/entity/Q739,Colombia,CO,3686110,,http://www.wikidata.org/entity/Q3591854,Free and Independent State of Cundinamarca,,
http://www.wikidata.org/entity/Q183,Germany,DE,2921044,,http://www.wikidata.org/entity/Q36,Poland,PL,798544
http://www.wikidata.org/entity/Q184,Belarus,BY,630336,,http://www.wikidata.org/entity/Q36,Poland,PL,798544
http://www.wikidata.org/entity/Q15180,Soviet Union,,8354411,,http://www.wikidata.org/entity/Q36,Poland,PL,798544
http://www.wikidata.org/entity/Q131964,Austrian Empire,,,,http://www.wikidata.org/entity/Q36,Poland,PL,798544
http://www.wikidata.org/entity/Q1206012,German Reich,,,,http://www.wikidata.org/entity/Q36,Poland,PL,798544
http://www.wikidata.org/entity/Q27306,Kingdom of Prussia,,,,http://www.wikidata.org/entity/Q36,Poland,PL,798544
http://www.wikidata.org/entity/Q216173,Free City of Danzig,,,,http://www.wikidata.org/entity/Q36,Poland,PL,798544
http://www.wikidata.org/entity/Q28513,Austria–Hungary,,,,http://www.wikidata.org/entity/Q36,Poland,PL,798544
http://www.wikidata.org/entity/Q211274,Polish People's Republic,,,,http://www.wikidata.org/entity/Q36,Poland,PL,798544
http://www.wikidata.org/entity/Q34266,Russian Empire,,,,http://www.wikidata.org/entity/Q36,Poland,PL,798544
http://www.wikidata.org/entity/Q212,Ukraine,UA,690791,,http://www.wikidata.org/entity/Q36,Poland,PL,798544
http://www.wikidata.org/entity/Q37,Lithuania,LT,597427,,http://www.wikidata.org/entity/Q36,Poland,PL,798544
http://www.wikidata.org/entity/Q213,Czech Republic,CZ,3077311,,http://www.wikidata.org/entity/Q36,Poland,PL,798544
http://www.wikidata.org/entity/Q42585,Kingdom of Bohemia,,,,http://www.wikidata.org/entity/Q36,Poland,PL,798544
http://www.wikidata.org/entity/Q568638,Duchy of Silesia,,,,http://www.wikidata.org/entity/Q36,Poland,PL,798544
http://www.wikidata.org/entity/Q8890160,Kingdom of Poland,,,,http://www.wikidata.org/entity/Q36,Poland,PL,798544
http://www.wikidata.org/entity/Q696640,Duchy of Pomerania,,,,http://www.wikidata.org/entity/Q36,Poland,PL,798544
http://www.wikidata.org/entity/Q810,Jordan,JO,248816,,http://www.wikidata.org/entity/Q36,Poland,PL,798544
http://www.wikidata.org/entity/Q7318,Nazi Germany,,,,http://www.wikidata.org/entity/Q36,Poland,PL,798544
http://www.wikidata.org/entity/Q1246,Kosovo,XK,831053,,http://www.wikidata.org/entity/Q36704,Yugoslavia,YU,8505035
http://www.wikidata.org/entity/Q225,Bosnia and Herzegovina,BA,3277605,,http://www.wikidata.org/entity/Q36704,Yugoslavia,YU,8505035
http://www.wikidata.org/entity/Q221,North Macedonia,MK,718075,,http://www.wikidata.org/entity/Q36704,Yugoslavia,YU,8505035
http://www.wikidata.org/entity/Q224,Croatia,HR,3202326,,http://www.wikidata.org/entity/Q36704,Yugoslavia,YU,8505035
http://www.wikidata.org/entity/Q236,Montenegro,ME,3194884,,http://www.wikidata.org/entity/Q36704,Yugoslavia,YU,8505035
http://www.wikidata.org/entity/Q215,Slovenia,SI,3190538,,http://www.wikidata.org/entity/Q36704,Yugoslavia,YU,8505035
http://www.wikidata.org/entity/Q403,Serbia,RS,6290252,,http://www.wikidata.org/entity/Q36704,Yugoslavia,YU,8505035
http://www.wikidata.org/entity/Q1206012,German Reich,,,,http://www.wikidata.org/entity/Q37,Lithuania,LT,597427
http://www.wikidata.org/entity/Q207272,Second Polish Republic,,,,http://www.wikidata.org/entity/Q37,Lithuania,LT,597427
http://www.wikidata.org/entity/Q36,Poland,PL,798544,,http://www.wikidata.org/entity/Q37,Lithuania,LT,597427
http://www.wikidata.org/entity/Q38872,Prussia,,,,http://www.wikidata.org/entity/Q37,Lithuania,LT,597427
http://www.wikidata.org/entity/Q79,Egypt,EG,357994,,http://www.wikidata.org/entity/Q370173,Sultanate of Egypt,,
http://www.wikidata.org/entity/Q1246,Kosovo,XK,831053,,http://www.wikidata.org/entity/Q37024,Serbia and Montenegro,,8505033
http://www.wikidata.org/entity/Q236,Montenegro,ME,3194884,,http://www.wikidata.org/entity/Q37024,Serbia and Montenegro,,8505033
http://www.wikidata.org/entity/Q403,Serbia,RS,6290252,,http://www.wikidata.org/entity/Q37024,Serbia and Montenegro,,8505033
http://www.wikidata.org/entity/Q258,South Africa,ZA,953987,,http://www.wikidata.org/entity/Q370736,Cape Colony,,
http://www.wikidata.org/entity/Q12490507,Rashidun Caliphate,,,,http://www.wikidata.org/entity/Q3708094,Seljuk Empire,,
http://www.wikidata.org/entity/Q12536,Abbasid Caliphate,,,,http://www.wikidata.org/entity/Q3708094,Seljuk Empire,,
http://www.wikidata.org/entity/Q1986139,Parthian Empire,,,,http://www.wikidata.org/entity/Q3708094,Seljuk Empire,,
http://www.wikidata.org/entity/Q273874,Buyid dynasty,,,,http://www.wikidata.org/entity/Q3708094,Seljuk Empire,,
http://www.wikidata.org/entity/Q83891,Sasanian Empire,,,,http://www.wikidata.org/entity/Q3708094,Seljuk Empire,,
http://www.wikidata.org/entity/Q8575586,Umayyad Caliphate,,,,http://www.wikidata.org/entity/Q3708094,Seljuk Empire,,
http://www.wikidata.org/entity/Q794,Iran,IR,130758,,http://www.wikidata.org/entity/Q3708094,Seljuk Empire,,
http://www.wikidata.org/entity/Q858,Syria,SY,163843,,http://www.wikidata.org/entity/Q3708094,Seljuk Empire,,
http://www.wikidata.org/entity/Q173065,Kingdom of Naples,,,,http://www.wikidata.org/entity/Q38,Italy,IT,3175395
http://www.wikidata.org/entity/Q1747689,Ancient Rome,,,,http://www.wikidata.org/entity/Q38,Italy,IT,3175395
http://www.wikidata.org/entity/Q145,United Kingdom,GB,2635167,,http://www.wikidata.org/entity/Q38,Italy,IT,3175395
http://www.wikidata.org/entity/Q183,Germany,DE,2921044,,http://www.wikidata.org/entity/Q38,Italy,IT,3175395
http://www.wikidata.org/entity/Q153529,Duchy of Milan,,,,http://www.wikidata.org/entity/Q38,Italy,IT,3175395
http://www.wikidata.org/entity/Q1016,Libya,LY,2215636,,http://www.wikidata.org/entity/Q38,Italy,IT,3175395
http://www.wikidata.org/entity/Q142,France,FR,3017382,,http://www.wikidata.org/entity/Q38,Italy,IT,3175395
http://www.wikidata.org/entity/Q172579,Kingdom of Italy,,,,http://www.wikidata.org/entity/Q38,Italy,IT,3175395
http://www.wikidata.org/entity/Q170174,Papal States,,,,http://www.wikidata.org/entity/Q38,Italy,IT,3175395
http://www.wikidata.org/entity/Q215,Slovenia,SI,3190538,,http://www.wikidata.org/entity/Q38,Italy,IT,3175395
http://www.wikidata.org/entity/Q237,Vatican City,VA,3164670,,http://www.wikidata.org/entity/Q38,Italy,IT,3175395
http://www.wikidata.org/entity/Q2277,Roman Empire,,8354456,,http://www.wikidata.org/entity/Q38,Italy,IT,3175395
http://www.wikidata.org/entity/Q32,Luxembourg,LU,2960313,,http://www.wikidata.org/entity/Q38,Italy,IT,3175395
http://www.wikidata.org/entity/Q224,Croatia,HR,3202326,,http://www.wikidata.org/entity/Q38,Italy,IT,3175395
http://www.wikidata.org/entity/Q31,Belgium,BE,2802361,,http://www.wikidata.org/entity/Q38,Italy,IT,3175395
http://www.wikidata.org/entity/Q30,United States,US,6252001,,http://www.wikidata.org/entity/Q38,Italy,IT,3175395
http://www.wikidata.org/entity/Q223936,Kingdom of Italy,,,,http://www.wikidata.org/entity/Q38,Italy,IT,3175395
http://www.wikidata.org/entity/Q209857,Kingdom of Lombardy–Venetia,,,,http://www.wikidata.org/entity/Q38,Italy,IT,3175395
http://www.wikidata.org/entity/Q347,Liechtenstein,LI,3042058,,http://www.wikidata.org/entity/Q38,Italy,IT,3175395
http://www.wikidata.org/entity/Q39,Switzerland,CH,2658434,,http://www.wikidata.org/entity/Q38,Italy,IT,3175395
http://www.wikidata.org/entity/Q55,Netherlands,,2750405,,http://www.wikidata.org/entity/Q38,Italy,IT,3175395
http://www.wikidata.org/entity/Q40,Austria,AT,2782113,,http://www.wikidata.org/entity/Q38,Italy,IT,3175395
http://www.wikidata.org/entity/Q664,New Zealand,NZ,2186224,,http://www.wikidata.org/entity/Q38,Italy,IT,3175395
http://www.wikidata.org/entity/Q408,Australia,AU,2077456,,http://www.wikidata.org/entity/Q38,Italy,IT,3175395
http://www.wikidata.org/entity/Q30,United States,US,6252001,,http://www.wikidata.org/entity/Q382593,New Netherland,,
http://www.wikidata.org/entity/Q236,Montenegro,ME,3194884,,http://www.wikidata.org/entity/Q386496,Kingdom of Montenegro,,
http://www.wikidata.org/entity/Q159,Russia,RU,2017370,,http://www.wikidata.org/entity/Q38872,Prussia,,
http://www.wikidata.org/entity/Q183,Germany,DE,2921044,,http://www.wikidata.org/entity/Q38872,Prussia,,
http://www.wikidata.org/entity/Q1206012,German Reich,,,,http://www.wikidata.org/entity/Q38872,Prussia,,
http://www.wikidata.org/entity/Q36,Poland,PL,798544,,http://www.wikidata.org/entity/Q38872,Prussia,,
http://www.wikidata.org/entity/Q37,Lithuania,LT,597427,,http://www.wikidata.org/entity/Q38872,Prussia,,
http://www.wikidata.org/entity/Q214,Slovakia,SK,3057568,,http://www.wikidata.org/entity/Q38872,Prussia,,
http://www.wikidata.org/entity/Q7318,Nazi Germany,,,,http://www.wikidata.org/entity/Q38872,Prussia,,
http://www.wikidata.org/entity/Q218,Romania,RO,798549,,http://www.wikidata.org/entity/Q389004,Principality of Wallachia,,
http://www.wikidata.org/entity/Q736,Ecuador,EC,3658394,,http://www.wikidata.org/entity/Q3892131,Free Province of Guayaquil,,
http://www.wikidata.org/entity/Q1986139,Parthian Empire,,,,http://www.wikidata.org/entity/Q389688,Achaemenid Empire,,
http://www.wikidata.org/entity/Q265,Uzbekistan,UZ,1512440,,http://www.wikidata.org/entity/Q389688,Achaemenid Empire,,
http://www.wikidata.org/entity/Q620765,Lydia,,,,http://www.wikidata.org/entity/Q389688,Achaemenid Empire,,
http://www.wikidata.org/entity/Q41,Greece,GR,390903,,http://www.wikidata.org/entity/Q389688,Achaemenid Empire,,
http://www.wikidata.org/entity/Q83891,Sasanian Empire,,,,http://www.wikidata.org/entity/Q389688,Achaemenid Empire,,
http://www.wikidata.org/entity/Q796,Iraq,IQ,99237,,http://www.wikidata.org/entity/Q389688,Achaemenid Empire,,
http://www.wikidata.org/entity/Q624887,Neo-Babylonian Empire,,,,http://www.wikidata.org/entity/Q389688,Achaemenid Empire,,
http://www.wikidata.org/entity/Q733897,Old Babylonian Empire,,,,http://www.wikidata.org/entity/Q389688,Achaemenid Empire,,
http://www.wikidata.org/entity/Q93180,Seleucid Empire,,,,http://www.wikidata.org/entity/Q389688,Achaemenid Empire,,
http://www.wikidata.org/entity/Q43,Turkey,TR,298795,,http://www.wikidata.org/entity/Q389688,Achaemenid Empire,,
http://www.wikidata.org/entity/Q183,Germany,DE,2921044,,http://www.wikidata.org/entity/Q39,Switzerland,CH,2658434
http://www.wikidata.org/entity/Q142,France,FR,3017382,,http://www.wikidata.org/entity/Q39,Switzerland,CH,2658434
http://www.wikidata.org/entity/Q145,United Kingdom,GB,2635167,,http://www.wikidata.org/entity/Q39,Switzerland,CH,2658434
http://www.wikidata.org/entity/Q31,Belgium,BE,2802361,,http://www.wikidata.org/entity/Q39,Switzerland,CH,2658434
http://www.wikidata.org/entity/Q32,Luxembourg,LU,2960313,,http://www.wikidata.org/entity/Q39,Switzerland,CH,2658434
http://www.wikidata.org/entity/Q38,Italy,IT,3175395,,http://www.wikidata.org/entity/Q39,Switzerland,CH,2658434
http://www.wikidata.org/entity/Q347,Liechtenstein,LI,3042058,,http://www.wikidata.org/entity/Q39,Switzerland,CH,2658434
http://www.wikidata.org/entity/Q40,Austria,AT,2782113,,http://www.wikidata.org/entity/Q39,Switzerland,CH,2658434
http://www.wikidata.org/entity/Q55,Netherlands,,2750405,,http://www.wikidata.org/entity/Q39,Switzerland,CH,2658434
http://www.wikidata.org/entity/Q38,Italy,IT,3175395,,http://www.wikidata.org/entity/Q391980,Free Territory of Trieste,,
http://www.wikidata.org/entity/Q153529,Duchy of Milan,,,,http://www.wikidata.org/entity/Q3932080,Kingdom of Sardinia and Corsica,,
http://www.wikidata.org/entity/Q426025,Duchy of Savoy,,,,http://www.wikidata.org/entity/Q3932080,Kingdom of Sardinia and Corsica,,
http://www.wikidata.org/entity/Q668,India,IN,1269750,,http://www.wikidata.org/entity/Q3960459,Kingdom of Sikkim,,
http://www.wikidata.org/entity/Q668,India,IN,1269750,,http://www.wikidata.org/entity/Q398,Bahrain,BH,290291
http://www.wikidata.org/entity/Q15180,Soviet Union,,8354411,,http://www.wikidata.org/entity/Q399,Armenia,AM,174982
http://www.wikidata.org/entity/Q132856,Armenian Soviet Socialist Republic,,,,http://www.wikidata.org/entity/Q399,Armenia,AM,174982
http://www.wikidata.org/entity/Q210198,Erivan Khanate,,,,http://www.wikidata.org/entity/Q399,Armenia,AM,174982
http://www.wikidata.org/entity/Q227,Azerbaijan,AZ,587116,,http://www.wikidata.org/entity/Q399,Armenia,AM,174982
http://www.wikidata.org/entity/Q34266,Russian Empire,,,,http://www.wikidata.org/entity/Q399,Armenia,AM,174982
http://www.wikidata.org/entity/Q43,Turkey,TR,298795,,http://www.wikidata.org/entity/Q399,Armenia,AM,174982
http://www.wikidata.org/entity/Q183,Germany,DE,2921044,,http://www.wikidata.org/entity/Q40,Austria,AT,2782113
http://www.wikidata.org/entity/Q142,France,FR,3017382,,http://www.wikidata.org/entity/Q40,Austria,AT,2782113
http://www.wikidata.org/entity/Q145,United Kingdom,GB,2635167,,http://www.wikidata.org/entity/Q40,Austria,AT,2782113
http://www.wikidata.org/entity/Q28,Hungary,HU,719819,,http://www.wikidata.org/entity/Q40,Austria,AT,2782113
http://www.wikidata.org/entity/Q347,Liechtenstein,LI,3042058,,http://www.wikidata.org/entity/Q40,Austria,AT,2782113
http://www.wikidata.org/entity/Q28513,Austria–Hungary,,,,http://www.wikidata.org/entity/Q40,Austria,AT,2782113
http://www.wikidata.org/entity/Q214,Slovakia,SK,3057568,,http://www.wikidata.org/entity/Q40,Austria,AT,2782113
http://www.wikidata.org/entity/Q36,Poland,PL,798544,,http://www.wikidata.org/entity/Q40,Austria,AT,2782113
http://www.wikidata.org/entity/Q215,Slovenia,SI,3190538,,http://www.wikidata.org/entity/Q40,Austria,AT,2782113
http://www.wikidata.org/entity/Q32,Luxembourg,LU,2960313,,http://www.wikidata.org/entity/Q40,Austria,AT,2782113
http://www.wikidata.org/entity/Q31,Belgium,BE,2802361,,http://www.wikidata.org/entity/Q40,Austria,AT,2782113
http://www.wikidata.org/entity/Q38,Italy,IT,3175395,,http://www.wikidata.org/entity/Q40,Austria,AT,2782113
http://www.wikidata.org/entity/Q55,Netherlands,,2750405,,http://www.wikidata.org/entity/Q40,Austria,AT,2782113
http://www.wikidata.org/entity/Q39,Switzerland,CH,2658434,,http://www.wikidata.org/entity/Q40,Austria,AT,2782113
http://www.wikidata.org/entity/Q7318,Nazi Germany,,,,http://www.wikidata.org/entity/Q40,Austria,AT,2782113
http://www.wikidata.org/entity/Q403,Serbia,RS,6290252,,http://www.wikidata.org/entity/Q40,Austria,AT,2782113
http://www.wikidata.org/entity/Q1246,Kosovo,XK,831053,,http://www.wikidata.org/entity/Q403,Serbia,RS,6290252
http://www.wikidata.org/entity/Q218,Romania,RO,798549,,http://www.wikidata.org/entity/Q403,Serbia,RS,6290252
http://www.wikidata.org/entity/Q219,Bulgaria,BG,732800,,http://www.wikidata.org/entity/Q403,Serbia,RS,6290252
http://www.wikidata.org/entity/Q221,North Macedonia,MK,718075,,http://www.wikidata.org/entity/Q403,Serbia,RS,6290252
http://www.wikidata.org/entity/Q36704,Yugoslavia,YU,8505035,,http://www.wikidata.org/entity/Q403,Serbia,RS,6290252
http://www.wikidata.org/entity/Q17,Japan,JP,1861060,,http://www.wikidata.org/entity/Q408,Australia,AU,2077456
http://www.wikidata.org/entity/Q155,Brazil,BR,3469034,,http://www.wikidata.org/entity/Q408,Australia,AU,2077456
http://www.wikidata.org/entity/Q145,United Kingdom,GB,2635167,,http://www.wikidata.org/entity/Q408,Australia,AU,2077456
http://www.wikidata.org/entity/Q183,Germany,DE,2921044,,http://www.wikidata.org/entity/Q408,Australia,AU,2077456
http://www.wikidata.org/entity/Q30,United States,US,6252001,,http://www.wikidata.org/entity/Q408,Australia,AU,2077456
http://www.wikidata.org/entity/Q38,Italy,IT,3175395,,http://www.wikidata.org/entity/Q408,Australia,AU,2077456
http://www.wikidata.org/entity/Q664,New Zealand,NZ,2186224,,http://www.wikidata.org/entity/Q408,Australia,AU,2077456
http://www.wikidata.org/entity/Q55,Netherlands,,2750405,,http://www.wikidata.org/entity/Q408,Australia,AU,2077456
http://www.wikidata.org/entity/Q733,Paraguay,PY,3437598,,http://www.wikidata.org/entity/Q408,Australia,AU,2077456
http://www.wikidata.org/entity/Q869,Thailand,TH,1605651,,http://www.wikidata.org/entity/Q408,Australia,AU,2077456
http://www.wikidata.org/entity/Q884,South Korea,KR,1835841,,http://www.wikidata.org/entity/Q408,Australia,AU,2077456
http://www.wikidata.org/entity/Q222,Albania,AL,783754,,http://www.wikidata.org/entity/Q41,Greece,GR,390903
http://www.wikidata.org/entity/Q83958,Macedonia,,,,http://www.wikidata.org/entity/Q41,Greece,GR,390903
http://www.wikidata.org/entity/Q43,Turkey,TR,298795,,http://www.wikidata.org/entity/Q41,Greece,GR,390903
http://www.wikidata.org/entity/Q796,Iraq,IQ,99237,,http://www.wikidata.org/entity/Q41137,Assyrian Empire,,
http://www.wikidata.org/entity/Q12548,Holy Roman Empire,,,,http://www.wikidata.org/entity/Q41304,Weimar Republic,,
http://www.wikidata.org/entity/Q183,Germany,DE,2921044,,http://www.wikidata.org/entity/Q41304,Weimar Republic,,
http://www.wikidata.org/entity/Q159,Russia,RU,2017370,,http://www.wikidata.org/entity/Q41304,Weimar Republic,,
http://www.wikidata.org/entity/Q154195,Kingdom of Bavaria,,,,http://www.wikidata.org/entity/Q41304,Weimar Republic,,
http://www.wikidata.org/entity/Q36,Poland,PL,798544,,http://www.wikidata.org/entity/Q41304,Weimar Republic,,
http://www.wikidata.org/entity/Q37,Lithuania,LT,597427,,http://www.wikidata.org/entity/Q41304,Weimar Republic,,
http://www.wikidata.org/entity/Q43287,German Empire,,,,http://www.wikidata.org/entity/Q41304,Weimar Republic,,
http://www.wikidata.org/entity/Q7318,Nazi Germany,,,,http://www.wikidata.org/entity/Q41304,Weimar Republic,,
http://www.wikidata.org/entity/Q145,United Kingdom,GB,2635167,,http://www.wikidata.org/entity/Q414,Argentina,AR,3865483
http://www.wikidata.org/entity/Q79,Egypt,EG,357994,,http://www.wikidata.org/entity/Q4147013,Tulunid Emirate of Egypt,,
http://www.wikidata.org/entity/Q822,Lebanon,LB,272103,,http://www.wikidata.org/entity/Q41642,Phoenicia,,
http://www.wikidata.org/entity/Q801,Israel,IL,294640,,http://www.wikidata.org/entity/Q41642,Phoenicia,,
http://www.wikidata.org/entity/Q298,Chile,CL,3895114,,http://www.wikidata.org/entity/Q419,Peru,PE,3932488
http://www.wikidata.org/entity/Q750,Bolivia,BO,3923057,,http://www.wikidata.org/entity/Q419,Peru,PE,3932488
http://www.wikidata.org/entity/Q159,Russia,RU,2017370,,http://www.wikidata.org/entity/Q4208290,Kazikumukh Khanate,,
http://www.wikidata.org/entity/Q183,Germany,DE,2921044,,http://www.wikidata.org/entity/Q42199,Principality of Ansbach,,
http://www.wikidata.org/entity/Q884,South Korea,KR,1835841,,http://www.wikidata.org/entity/Q423,North Korea,KP,1873107
http://www.wikidata.org/entity/Q201705,Khmer Empire,,,,http://www.wikidata.org/entity/Q424,Cambodia,KH,1831722
http://www.wikidata.org/entity/Q869,Thailand,TH,1605651,,http://www.wikidata.org/entity/Q424,Cambodia,KH,1831722
http://www.wikidata.org/entity/Q153136,Habsburg monarchy,,,,http://www.wikidata.org/entity/Q42585,Kingdom of Bohemia,,
http://www.wikidata.org/entity/Q28513,Austria–Hungary,,,,http://www.wikidata.org/entity/Q42585,Kingdom of Bohemia,,
http://www.wikidata.org/entity/Q36,Poland,PL,798544,,http://www.wikidata.org/entity/Q42585,Kingdom of Bohemia,,
http://www.wikidata.org/entity/Q213,Czech Republic,CZ,3077311,,http://www.wikidata.org/entity/Q42585,Kingdom of Bohemia,,
http://www.wikidata.org/entity/Q153529,Duchy of Milan,,,,http://www.wikidata.org/entity/Q426025,Duchy of Savoy,,
http://www.wikidata.org/entity/Q142,France,FR,3017382,,http://www.wikidata.org/entity/Q426025,Duchy of Savoy,,
http://www.wikidata.org/entity/Q3932080,Kingdom of Sardinia and Corsica,,,,http://www.wikidata.org/entity/Q426025,Duchy of Savoy,,
http://www.wikidata.org/entity/Q889,Afghanistan,AF,1149361,,http://www.wikidata.org/entity/Q427941,Islamic Emirate of Afghanistan,,
http://www.wikidata.org/entity/Q12544,Byzantine Empire,,,,http://www.wikidata.org/entity/Q43,Turkey,TR,298795
http://www.wikidata.org/entity/Q12560,Ottoman Empire,,,,http://www.wikidata.org/entity/Q43,Turkey,TR,298795
http://www.wikidata.org/entity/Q1747689,Ancient Rome,,,,http://www.wikidata.org/entity/Q43,Turkey,TR,298795
http://www.wikidata.org/entity/Q335088,Armenian Kingdom of Cilicia,,,,http://www.wikidata.org/entity/Q43,Turkey,TR,298795
http://www.wikidata.org/entity/Q2277,Roman Empire,,8354456,,http://www.wikidata.org/entity/Q43,Turkey,TR,298795
http://www.wikidata.org/entity/Q83311,Persian Empire,,,,http://www.wikidata.org/entity/Q43,Turkey,TR,298795
http://www.wikidata.org/entity/Q41,Greece,GR,390903,,http://www.wikidata.org/entity/Q43,Turkey,TR,298795
http://www.wikidata.org/entity/Q620765,Lydia,,,,http://www.wikidata.org/entity/Q43,Turkey,TR,298795
http://www.wikidata.org/entity/Q389688,Achaemenid Empire,,,,http://www.wikidata.org/entity/Q43,Turkey,TR,298795
http://www.wikidata.org/entity/Q399,Armenia,AM,174982,,http://www.wikidata.org/entity/Q43,Turkey,TR,298795
http://www.wikidata.org/entity/Q794,Iran,IR,130758,,http://www.wikidata.org/entity/Q43,Turkey,TR,298795
http://www.wikidata.org/entity/Q858,Syria,SY,163843,,http://www.wikidata.org/entity/Q43,Turkey,TR,298795
http://www.wikidata.org/entity/Q796,Iraq,IQ,99237,,http://www.wikidata.org/entity/Q43,Turkey,TR,298795
http://www.wikidata.org/entity/Q159,Russia,RU,2017370,,http://www.wikidata.org/entity/Q4318679,Principality of Suzdal—Nizhny Novgorod,,
http://www.wikidata.org/entity/Q159,Russia,RU,2017370,,http://www.wikidata.org/entity/Q43287,German Empire,,
http://www.wikidata.org/entity/Q154195,Kingdom of Bavaria,,,,http://www.wikidata.org/entity/Q43287,German Empire,,
http://www.wikidata.org/entity/Q184,Belarus,BY,630336,,http://www.wikidata.org/entity/Q43287,German Empire,,
http://www.wikidata.org/entity/Q183,Germany,DE,2921044,,http://www.wikidata.org/entity/Q43287,German Empire,,
http://www.wikidata.org/entity/Q142,France,FR,3017382,,http://www.wikidata.org/entity/Q43287,German Empire,,
http://www.wikidata.org/entity/Q12548,Holy Roman Empire,,,,http://www.wikidata.org/entity/Q43287,German Empire,,
http://www.wikidata.org/entity/Q37,Lithuania,LT,597427,,http://www.wikidata.org/entity/Q43287,German Empire,,
http://www.wikidata.org/entity/Q36,Poland,PL,798544,,http://www.wikidata.org/entity/Q43287,German Empire,,
http://www.wikidata.org/entity/Q41304,Weimar Republic,,,,http://www.wikidata.org/entity/Q43287,German Empire,,
http://www.wikidata.org/entity/Q945,Togo,TG,2363686,,http://www.wikidata.org/entity/Q43287,German Empire,,
http://www.wikidata.org/entity/Q7318,Nazi Germany,,,,http://www.wikidata.org/entity/Q43287,German Empire,,
http://www.wikidata.org/entity/Q159,Russia,RU,2017370,,http://www.wikidata.org/entity/Q4398229,Russian State,,
http://www.wikidata.org/entity/Q159,Russia,RU,2017370,,http://www.wikidata.org/entity/Q4412594,Republic of Uhtua,,
http://www.wikidata.org/entity/Q265,Uzbekistan,UZ,1512440,,http://www.wikidata.org/entity/Q4453003,Tashkent State,,
http://www.wikidata.org/entity/Q232,Kazakhstan,KZ,1522867,,http://www.wikidata.org/entity/Q4453003,Tashkent State,,
http://www.wikidata.org/entity/Q172107,Polish–Lithuanian Commonwealth,,,,http://www.wikidata.org/entity/Q4470663,Ukrainian national government (1941),,
http://www.wikidata.org/entity/Q131964,Austrian Empire,,,,http://www.wikidata.org/entity/Q4470663,Ukrainian national government (1941),,
http://www.wikidata.org/entity/Q15180,Soviet Union,,8354411,,http://www.wikidata.org/entity/Q4470663,Ukrainian national government (1941),,
http://www.wikidata.org/entity/Q207272,Second Polish Republic,,,,http://www.wikidata.org/entity/Q4470663,Ukrainian national government (1941),,
http://www.wikidata.org/entity/Q212,Ukraine,UA,690791,,http://www.wikidata.org/entity/Q4470663,Ukrainian national government (1941),,
http://www.wikidata.org/entity/Q28513,Austria–Hungary,,,,http://www.wikidata.org/entity/Q4470663,Ukrainian national government (1941),,
http://www.wikidata.org/entity/Q243610,Ukrainian People's Republic,,,,http://www.wikidata.org/entity/Q4470663,Ukrainian national government (1941),,
http://www.wikidata.org/entity/Q7318,Nazi Germany,,,,http://www.wikidata.org/entity/Q4470663,Ukrainian national government (1941),,
http://www.wikidata.org/entity/Q457167,West Ukrainian People's Republic,,,,http://www.wikidata.org/entity/Q4470663,Ukrainian national government (1941),,
http://www.wikidata.org/entity/Q1048918,Kingdom of the Suebi,,,,http://www.wikidata.org/entity/Q45,Portugal,PT,2264397
http://www.wikidata.org/entity/Q1747689,Ancient Rome,,,,http://www.wikidata.org/entity/Q45,Portugal,PT,2264397
http://www.wikidata.org/entity/Q29,Spain,ES,2510769,,http://www.wikidata.org/entity/Q45,Portugal,PT,2264397
http://www.wikidata.org/entity/Q668,India,IN,1269750,,http://www.wikidata.org/entity/Q45,Portugal,PT,2264397
http://www.wikidata.org/entity/Q207272,Second Polish Republic,,,,http://www.wikidata.org/entity/Q457167,West Ukrainian People's Republic,,
http://www.wikidata.org/entity/Q131964,Austrian Empire,,,,http://www.wikidata.org/entity/Q457167,West Ukrainian People's Republic,,
http://www.wikidata.org/entity/Q1508143,Ukrainian State,,,,http://www.wikidata.org/entity/Q457167,West Ukrainian People's Republic,,
http://www.wikidata.org/entity/Q15180,Soviet Union,,8354411,,http://www.wikidata.org/entity/Q457167,West Ukrainian People's Republic,,
http://www.wikidata.org/entity/Q172107,Polish–Lithuanian Commonwealth,,,,http://www.wikidata.org/entity/Q457167,West Ukrainian People's Republic,,
http://www.wikidata.org/entity/Q28513,Austria–Hungary,,,,http://www.wikidata.org/entity/Q457167,West Ukrainian People's Republic,,
http://www.wikidata.org/entity/Q243610,Ukrainian People's Republic,,,,http://www.wikidata.org/entity/Q457167,West Ukrainian People's Republic,,
http://www.wikidata.org/entity/Q212,Ukraine,UA,690791,,http://www.wikidata.org/entity/Q457167,West Ukrainian People's Republic,,
http://www.wikidata.org/entity/Q4470663,Ukrainian national government (1941),,,,http://www.wikidata.org/entity/Q457167,West Ukrainian People's Republic,,
http://www.wikidata.org/entity/Q7318,Nazi Germany,,,,http://www.wikidata.org/entity/Q457167,West Ukrainian People's Republic,,
http://www.wikidata.org/entity/Q2042647,Duchy of Upper Bavaria (first creation),,,,http://www.wikidata.org/entity/Q462329,Duchy of Upper Bavaria,,
http://www.wikidata.org/entity/Q183,Germany,DE,2921044,,http://www.wikidata.org/entity/Q462329,Duchy of Upper Bavaria,,
http://www.wikidata.org/entity/Q843,Pakistan,PK,1168579,,http://www.wikidata.org/entity/Q467627,Durrani Empire,,
http://www.wikidata.org/entity/Q889,Afghanistan,AF,1149361,,http://www.wikidata.org/entity/Q467627,Durrani Empire,,
http://www.wikidata.org/entity/Q796,Iraq,IQ,99237,,http://www.wikidata.org/entity/Q47690,Babylonia,,
http://www.wikidata.org/entity/Q265,Uzbekistan,UZ,1512440,,http://www.wikidata.org/entity/Q484578,Uzbek Soviet Socialist Republic,,
http://www.wikidata.org/entity/Q1188459,Yarkent Khanate,,,,http://www.wikidata.org/entity/Q487829,Chagatai Khanate,,
http://www.wikidata.org/entity/Q1033,Nigeria,NG,2328926,,http://www.wikidata.org/entity/Q4903979,Bida Emirate,,
http://www.wikidata.org/entity/Q265,Uzbekistan,UZ,1512440,,http://www.wikidata.org/entity/Q491106,Khanate of Khiva,,
http://www.wikidata.org/entity/Q215,Slovenia,SI,3190538,,http://www.wikidata.org/entity/Q4948,Republic of Venice,,
http://www.wikidata.org/entity/Q41,Greece,GR,390903,,http://www.wikidata.org/entity/Q4948,Republic of Venice,,
http://www.wikidata.org/entity/Q184,Belarus,BY,630336,,http://www.wikidata.org/entity/Q49683,Grand Duchy of Lithuania,,
http://www.wikidata.org/entity/Q159,Russia,RU,2017370,,http://www.wikidata.org/entity/Q49683,Grand Duchy of Lithuania,,
http://www.wikidata.org/entity/Q15180,Soviet Union,,8354411,,http://www.wikidata.org/entity/Q49683,Grand Duchy of Lithuania,,
http://www.wikidata.org/entity/Q34266,Russian Empire,,,,http://www.wikidata.org/entity/Q49683,Grand Duchy of Lithuania,,
http://www.wikidata.org/entity/Q212,Ukraine,UA,690791,,http://www.wikidata.org/entity/Q49683,Grand Duchy of Lithuania,,
http://www.wikidata.org/entity/Q79965,Golden Horde,,,,http://www.wikidata.org/entity/Q49683,Grand Duchy of Lithuania,,
http://www.wikidata.org/entity/Q36,Poland,PL,798544,,http://www.wikidata.org/entity/Q501303,Free City of Kraków,,
http://www.wikidata.org/entity/Q117,Ghana,GH,2300660,,http://www.wikidata.org/entity/Q503623,Gold Coast Colony,,
http://www.wikidata.org/entity/Q40,Austria,AT,2782113,,http://www.wikidata.org/entity/Q518101,First Republic of Austria,,
http://www.wikidata.org/entity/Q43,Turkey,TR,298795,,http://www.wikidata.org/entity/Q5228183,Kingdom of Vaspurakan,,
http://www.wikidata.org/entity/Q184,Belarus,BY,630336,,http://www.wikidata.org/entity/Q523380,Republic of Central Lithuania,,
http://www.wikidata.org/entity/Q37,Lithuania,LT,597427,,http://www.wikidata.org/entity/Q523380,Republic of Central Lithuania,,
http://www.wikidata.org/entity/Q183,Germany,DE,2921044,,http://www.wikidata.org/entity/Q527527,Prince-Bishopric of Lübeck,,
http://www.wikidata.org/entity/Q41,Greece,GR,390903,,http://www.wikidata.org/entity/Q528546,First Hellenic Republic,,
http://www.wikidata.org/entity/Q183,Germany,DE,2921044,,http://www.wikidata.org/entity/Q529605,Electorate of Hesse,,
http://www.wikidata.org/entity/Q183,Germany,DE,2921044,,http://www.wikidata.org/entity/Q531497,Principality of Erfurt,,
http://www.wikidata.org/entity/Q224,Croatia,HR,3202326,,http://www.wikidata.org/entity/Q533558,Kingdom of Croatia-Slavonia,,
http://www.wikidata.org/entity/Q1049,Sudan,SD,366755,,http://www.wikidata.org/entity/Q541455,Anglo-Egyptian Sudan,,
http://www.wikidata.org/entity/Q1033,Nigeria,NG,2328926,,http://www.wikidata.org/entity/Q5440850,Federation of Nigeria,,
http://www.wikidata.org/entity/Q230,Georgia,GE,614540,,http://www.wikidata.org/entity/Q545205,Transcaucasian Socialist Federative Soviet Republic,,
http://www.wikidata.org/entity/Q399,Armenia,AM,174982,,http://www.wikidata.org/entity/Q545205,Transcaucasian Socialist Federative Soviet Republic,,
http://www.wikidata.org/entity/Q224,Croatia,HR,3202326,,http://www.wikidata.org/entity/Q548114,Free State of Fiume,,
http://www.wikidata.org/entity/Q159856,Duchy of Brabant,,,,http://www.wikidata.org/entity/Q55,Netherlands,,2750405
http://www.wikidata.org/entity/Q142,France,FR,3017382,,http://www.wikidata.org/entity/Q55,Netherlands,,2750405
http://www.wikidata.org/entity/Q170072,Dutch Republic,,,,http://www.wikidata.org/entity/Q55,Netherlands,,2750405
http://www.wikidata.org/entity/Q183,Germany,DE,2921044,,http://www.wikidata.org/entity/Q55,Netherlands,,2750405
http://www.wikidata.org/entity/Q145,United Kingdom,GB,2635167,,http://www.wikidata.org/entity/Q55,Netherlands,,2750405
http://www.wikidata.org/entity/Q1747689,Ancient Rome,,,,http://www.wikidata.org/entity/Q55,Netherlands,,2750405
http://www.wikidata.org/entity/Q32,Luxembourg,LU,2960313,,http://www.wikidata.org/entity/Q55,Netherlands,,2750405
http://www.wikidata.org/entity/Q347,Liechtenstein,LI,3042058,,http://www.wikidata.org/entity/Q55,Netherlands,,2750405
http://www.wikidata.org/entity/Q31,Belgium,BE,2802361,,http://www.wikidata.org/entity/Q55,Netherlands,,2750405
http://www.wikidata.org/entity/Q30,United States,US,6252001,,http://www.wikidata.org/entity/Q55,Netherlands,,2750405
http://www.wikidata.org/entity/Q38,Italy,IT,3175395,,http://www.wikidata.org/entity/Q55,Netherlands,,2750405
http://www.wikidata.org/entity/Q252,Indonesia,ID,1643084,,http://www.wikidata.org/entity/Q55,Netherlands,,2750405
http://www.wikidata.org/entity/Q39,Switzerland,CH,2658434,,http://www.wikidata.org/entity/Q55,Netherlands,,2750405
http://www.wikidata.org/entity/Q40,Austria,AT,2782113,,http://www.wikidata.org/entity/Q55,Netherlands,,2750405
http://www.wikidata.org/entity/Q664,New Zealand,NZ,2186224,,http://www.wikidata.org/entity/Q55,Netherlands,,2750405
http://www.wikidata.org/entity/Q408,Australia,AU,2077456,,http://www.wikidata.org/entity/Q55,Netherlands,,2750405
http://www.wikidata.org/entity/Q252,Indonesia,ID,1643084,,http://www.wikidata.org/entity/Q5519387,Galuh Kingdom,,
http://www.wikidata.org/entity/Q43,Turkey,TR,298795,,http://www.wikidata.org/entity/Q555994,Aq Qoyunlu,,
http://www.wikidata.org/entity/Q230,Georgia,GE,614540,,http://www.wikidata.org/entity/Q55659450,Socialist Soviet Republic of Georgia,,
http://www.wikidata.org/entity/Q36,Poland,PL,798544,,http://www.wikidata.org/entity/Q561204,Duchy of Jawor,,
http://www.wikidata.org/entity/Q213,Czech Republic,CZ,3077311,,http://www.wikidata.org/entity/Q566639,Duchy of Opava,,
http://www.wikidata.org/entity/Q36,Poland,PL,798544,,http://www.wikidata.org/entity/Q568638,Duchy of Silesia,,
http://www.wikidata.org/entity/Q265,Uzbekistan,UZ,1512440,,http://www.wikidata.org/entity/Q577668,Khanate of Bukhara,,
http://www.wikidata.org/entity/Q863,Tajikistan,TJ,1220409,,http://www.wikidata.org/entity/Q577668,Khanate of Bukhara,,
http://www.wikidata.org/entity/Q2364248,Sulayhid dynasty,,,,http://www.wikidata.org/entity/Q580188,Kingdom of Yemen,,
http://www.wikidata.org/entity/Q805,Yemen,YE,69543,,http://www.wikidata.org/entity/Q580188,Kingdom of Yemen,,
http://www.wikidata.org/entity/Q142,France,FR,3017382,,http://www.wikidata.org/entity/Q58296,French First Republic,,
http://www.wikidata.org/entity/Q183,Germany,DE,2921044,,http://www.wikidata.org/entity/Q58296,French First Republic,,
http://www.wikidata.org/entity/Q31,Belgium,BE,2802361,,http://www.wikidata.org/entity/Q58296,French First Republic,,
http://www.wikidata.org/entity/Q1028,Morocco,MA,2542007,,http://www.wikidata.org/entity/Q58326,French Second Republic,,
http://www.wikidata.org/entity/Q2940142,Kingdom of Toledo,,,,http://www.wikidata.org/entity/Q5919137,Empire of Theodoric the Great,,
http://www.wikidata.org/entity/Q3307686,Visigothic Kingdom of Tolosa,,,,http://www.wikidata.org/entity/Q5919137,Empire of Theodoric the Great,,
http://www.wikidata.org/entity/Q214,Slovakia,SK,3057568,,http://www.wikidata.org/entity/Q600018,Kingdom of Hungary,,
http://www.wikidata.org/entity/Q218,Romania,RO,798549,,http://www.wikidata.org/entity/Q600018,Kingdom of Hungary,,
http://www.wikidata.org/entity/Q212,Ukraine,UA,690791,,http://www.wikidata.org/entity/Q600018,Kingdom of Hungary,,
http://www.wikidata.org/entity/Q28,Hungary,HU,719819,,http://www.wikidata.org/entity/Q600018,Kingdom of Hungary,,
http://www.wikidata.org/entity/Q403,Serbia,RS,6290252,,http://www.wikidata.org/entity/Q600018,Kingdom of Hungary,,
http://www.wikidata.org/entity/Q41,Greece,GR,390903,,http://www.wikidata.org/entity/Q603771,Emirate of Crete,,
http://www.wikidata.org/entity/Q265,Uzbekistan,UZ,1512440,,http://www.wikidata.org/entity/Q61291,Khorezm People's Soviet Republic,,
http://www.wikidata.org/entity/Q874,Turkmenistan,TM,1218197,,http://www.wikidata.org/entity/Q61291,Khorezm People's Soviet Republic,,
http://www.wikidata.org/entity/Q159,Russia,RU,2017370,,http://www.wikidata.org/entity/Q61292,Far Eastern Republic,,
http://www.wikidata.org/entity/Q212,Ukraine,UA,690791,,http://www.wikidata.org/entity/Q61385,Galician Soviet Socialist Republic,,
http://www.wikidata.org/entity/Q159,Russia,RU,2017370,,http://www.wikidata.org/entity/Q61427,Donetsk-Krivoy Rog Soviet Republic,,
http://www.wikidata.org/entity/Q236,Montenegro,ME,3194884,,http://www.wikidata.org/entity/Q616992,Governorate of Montenegro,,
http://www.wikidata.org/entity/Q974,Democratic Republic of the Congo,CD,203312,,http://www.wikidata.org/entity/Q618399,Republic of the Congo (Léopoldville),,
http://www.wikidata.org/entity/Q389688,Achaemenid Empire,,,,http://www.wikidata.org/entity/Q620765,Lydia,,
http://www.wikidata.org/entity/Q43,Turkey,TR,298795,,http://www.wikidata.org/entity/Q620765,Lydia,,
http://www.wikidata.org/entity/Q843,Pakistan,PK,1168579,,http://www.wikidata.org/entity/Q6207845,Kingdom of Marwar,,
http://www.wikidata.org/entity/Q733897,Old Babylonian Empire,,,,http://www.wikidata.org/entity/Q624887,Neo-Babylonian Empire,,
http://www.wikidata.org/entity/Q796,Iraq,IQ,99237,,http://www.wikidata.org/entity/Q624887,Neo-Babylonian Empire,,
http://www.wikidata.org/entity/Q389688,Achaemenid Empire,,,,http://www.wikidata.org/entity/Q624887,Neo-Babylonian Empire,,
http://www.wikidata.org/entity/Q93180,Seleucid Empire,,,,http://www.wikidata.org/entity/Q624887,Neo-Babylonian Empire,,
http://www.wikidata.org/entity/Q20,Norway,NO,3144096,,http://www.wikidata.org/entity/Q62589,Union between Sweden and Norway,,
http://www.wikidata.org/entity/Q34,Sweden,SE,2661886,,http://www.wikidata.org/entity/Q62589,Union between Sweden and Norway,,
http://www.wikidata.org/entity/Q34,Sweden,SE,2661886,,http://www.wikidata.org/entity/Q62623,Kalmar Union,,
http://www.wikidata.org/entity/Q20,Norway,NO,3144096,,http://www.wikidata.org/entity/Q62651,Denmark–Norway,,
http://www.wikidata.org/entity/Q739,Colombia,CO,3686110,,http://www.wikidata.org/entity/Q630882,Republic of New Granada,,
http://www.wikidata.org/entity/Q794,Iran,IR,130758,,http://www.wikidata.org/entity/Q63134381,Khwarazmian Empire,,
http://www.wikidata.org/entity/Q801,Israel,IL,294640,,http://www.wikidata.org/entity/Q63135869,Ayyubid Sultanate,,
http://www.wikidata.org/entity/Q227,Azerbaijan,AZ,587116,,http://www.wikidata.org/entity/Q63158027,Qajar Iran,,
http://www.wikidata.org/entity/Q399,Armenia,AM,174982,,http://www.wikidata.org/entity/Q63158027,Qajar Iran,,
http://www.wikidata.org/entity/Q43,Turkey,TR,298795,,http://www.wikidata.org/entity/Q63158027,Qajar Iran,,
http://www.wikidata.org/entity/Q794,Iran,IR,130758,,http://www.wikidata.org/entity/Q63158027,Qajar Iran,,
http://www.wikidata.org/entity/Q183,Germany,DE,2921044,,http://www.wikidata.org/entity/Q637238,Electorate of Baden,,
http://www.wikidata.org/entity/Q881,Vietnam,VN,1562822,,http://www.wikidata.org/entity/Q6500483,Nguyen dynasty,,
http://www.wikidata.org/entity/Q974,Democratic Republic of the Congo,CD,203312,,http://www.wikidata.org/entity/Q6500954,Zaire,,
http://www.wikidata.org/entity/Q805,Yemen,YE,69543,,http://www.wikidata.org/entity/Q65051443,Sheikhdom of al-ʽIrqa,,
http://www.wikidata.org/entity/Q858,Syria,SY,163843,,http://www.wikidata.org/entity/Q6563843,Nizari Ismaili state,,
http://www.wikidata.org/entity/Q794,Iran,IR,130758,,http://www.wikidata.org/entity/Q6563843,Nizari Ismaili state,,
http://www.wikidata.org/entity/Q38,Italy,IT,3175395,,http://www.wikidata.org/entity/Q659312,Ligurian Republic,,
http://www.wikidata.org/entity/Q183,Germany,DE,2921044,,http://www.wikidata.org/entity/Q664,New Zealand,NZ,2186224
http://www.wikidata.org/entity/Q145,United Kingdom,GB,2635167,,http://www.wikidata.org/entity/Q664,New Zealand,NZ,2186224
http://www.wikidata.org/entity/Q26988,Cook Islands,CK,1899402,,http://www.wikidata.org/entity/Q664,New Zealand,NZ,2186224
http://www.wikidata.org/entity/Q30,United States,US,6252001,,http://www.wikidata.org/entity/Q664,New Zealand,NZ,2186224
http://www.wikidata.org/entity/Q38,Italy,IT,3175395,,http://www.wikidata.org/entity/Q664,New Zealand,NZ,2186224
http://www.wikidata.org/entity/Q55,Netherlands,,2750405,,http://www.wikidata.org/entity/Q664,New Zealand,NZ,2186224
http://www.wikidata.org/entity/Q408,Australia,AU,2077456,,http://www.wikidata.org/entity/Q664,New Zealand,NZ,2186224
http://www.wikidata.org/entity/Q148,People's Republic of China,CN,1814991,,http://www.wikidata.org/entity/Q668,India,IN,1269750
http://www.wikidata.org/entity/Q30,United States,US,6252001,,http://www.wikidata.org/entity/Q668,India,IN,1269750
http://www.wikidata.org/entity/Q398,Bahrain,BH,290291,,http://www.wikidata.org/entity/Q668,India,IN,1269750
http://www.wikidata.org/entity/Q45,Portugal,PT,2264397,,http://www.wikidata.org/entity/Q668,India,IN,1269750
http://www.wikidata.org/entity/Q794,Iran,IR,130758,,http://www.wikidata.org/entity/Q668,India,IN,1269750
http://www.wikidata.org/entity/Q837,Nepal,NP,1282988,,http://www.wikidata.org/entity/Q668,India,IN,1269750
http://www.wikidata.org/entity/Q843,Pakistan,PK,1168579,,http://www.wikidata.org/entity/Q668,India,IN,1269750
http://www.wikidata.org/entity/Q836,Myanmar,MM,1327865,,http://www.wikidata.org/entity/Q668,India,IN,1269750
http://www.wikidata.org/entity/Q1009,Cameroon,CM,2233387,,http://www.wikidata.org/entity/Q668294,Kamerun,,
http://www.wikidata.org/entity/Q668,India,IN,1269750,,http://www.wikidata.org/entity/Q6744020,Mallabhum,,
http://www.wikidata.org/entity/Q104192518,Taifa of Valencia (third period),,,,http://www.wikidata.org/entity/Q676811,Taifa of Valencia,,
http://www.wikidata.org/entity/Q199688,Almohad Caliphate,,,,http://www.wikidata.org/entity/Q676811,Taifa of Valencia,,
http://www.wikidata.org/entity/Q104192511,Taifa of Valencia (second period),,,,http://www.wikidata.org/entity/Q676811,Taifa of Valencia,,
http://www.wikidata.org/entity/Q171740,Caliphate of Córdoba,,,,http://www.wikidata.org/entity/Q676811,Taifa of Valencia,,
http://www.wikidata.org/entity/Q75613,Almoravid dynasty,,,,http://www.wikidata.org/entity/Q676811,Taifa of Valencia,,
http://www.wikidata.org/entity/Q403,Serbia,RS,6290252,,http://www.wikidata.org/entity/Q684030,Principality of Serbia,,
http://www.wikidata.org/entity/Q36,Poland,PL,798544,,http://www.wikidata.org/entity/Q684501,Duchy of Głogów,,
http://www.wikidata.org/entity/Q184,Belarus,BY,630336,,http://www.wikidata.org/entity/Q68678,Socialist Soviet Republic of Byelorussia,,
http://www.wikidata.org/entity/Q211,Latvia,LV,458258,,http://www.wikidata.org/entity/Q68678,Socialist Soviet Republic of Byelorussia,,
http://www.wikidata.org/entity/Q183,Germany,DE,2921044,,http://www.wikidata.org/entity/Q686965,Anhalt-Bernburg,,
http://www.wikidata.org/entity/Q213,Czech Republic,CZ,3077311,,http://www.wikidata.org/entity/Q686971,Lands of the Bohemian Crown,,
http://www.wikidata.org/entity/Q36,Poland,PL,798544,,http://www.wikidata.org/entity/Q686971,Lands of the Bohemian Crown,,
http://www.wikidata.org/entity/Q1028,Morocco,MA,2542007,,http://www.wikidata.org/entity/Q689837,Spanish Sahara,,
http://www.wikidata.org/entity/Q12548,Holy Roman Empire,,,,http://www.wikidata.org/entity/Q690821,Republic of Baden,,
http://www.wikidata.org/entity/Q186320,Grand Duchy of Baden,,,,http://www.wikidata.org/entity/Q690821,Republic of Baden,,
http://www.wikidata.org/entity/Q1206012,German Reich,,,,http://www.wikidata.org/entity/Q690821,Republic of Baden,,
http://www.wikidata.org/entity/Q183,Germany,DE,2921044,,http://www.wikidata.org/entity/Q690821,Republic of Baden,,
http://www.wikidata.org/entity/Q265,Uzbekistan,UZ,1512440,,http://www.wikidata.org/entity/Q696241,Khanate of Kokand,,
http://www.wikidata.org/entity/Q232,Kazakhstan,KZ,1522867,,http://www.wikidata.org/entity/Q696241,Khanate of Kokand,,
http://www.wikidata.org/entity/Q813,Kyrgyzstan,KG,1527747,,http://www.wikidata.org/entity/Q696241,Khanate of Kokand,,
http://www.wikidata.org/entity/Q863,Tajikistan,TJ,1220409,,http://www.wikidata.org/entity/Q696241,Khanate of Kokand,,
http://www.wikidata.org/entity/Q148,People's Republic of China,CN,1814991,,http://www.wikidata.org/entity/Q696242,Wang Jingwei regime,,
http://www.wikidata.org/entity/Q36,Poland,PL,798544,,http://www.wikidata.org/entity/Q696640,Duchy of Pomerania,,
http://www.wikidata.org/entity/Q183,Germany,DE,2921044,,http://www.wikidata.org/entity/Q696651,Saxe-Eisenach,,
http://www.wikidata.org/entity/Q184,Belarus,BY,630336,,http://www.wikidata.org/entity/Q696908,Kingdom of Poland,,
http://www.wikidata.org/entity/Q36,Poland,PL,798544,,http://www.wikidata.org/entity/Q696908,Kingdom of Poland,,
http://www.wikidata.org/entity/Q183,Germany,DE,2921044,,http://www.wikidata.org/entity/Q697084,Duchy of Oldenburg,,
http://www.wikidata.org/entity/Q148,People's Republic of China,CN,1814991,,http://www.wikidata.org/entity/Q697837,Mengjiang,,
http://www.wikidata.org/entity/Q142,France,FR,3017382,,http://www.wikidata.org/entity/Q69808,Vichy France,,
http://www.wikidata.org/entity/Q1028,Morocco,MA,2542007,,http://www.wikidata.org/entity/Q69808,Vichy France,,
http://www.wikidata.org/entity/Q1028,Morocco,MA,2542007,,http://www.wikidata.org/entity/Q69829,French Fourth Republic,,
http://www.wikidata.org/entity/Q881,Vietnam,VN,1562822,,http://www.wikidata.org/entity/Q701337,Empire of Vietnam,,
http://www.wikidata.org/entity/Q403,Serbia,RS,6290252,,http://www.wikidata.org/entity/Q701914,Territory of the Military Commander in Serbia,,
http://www.wikidata.org/entity/Q183,Germany,DE,2921044,,http://www.wikidata.org/entity/Q704300,Free City of Frankfurt,,
http://www.wikidata.org/entity/Q2090473,Khazar Khaganate,,,,http://www.wikidata.org/entity/Q7054713,North Caucasian Huns,,
http://www.wikidata.org/entity/Q1028,Morocco,MA,2542007,,http://www.wikidata.org/entity/Q70802,French Third Republic,,
http://www.wikidata.org/entity/Q148,People's Republic of China,CN,1814991,,http://www.wikidata.org/entity/Q708865,Reformed Government of the Republic of China,,
http://www.wikidata.org/entity/Q142,France,FR,3017382,,http://www.wikidata.org/entity/Q70972,Kingdom of France,,
http://www.wikidata.org/entity/Q142,France,FR,3017382,,http://www.wikidata.org/entity/Q71084,First French Empire,,
http://www.wikidata.org/entity/Q183,Germany,DE,2921044,,http://www.wikidata.org/entity/Q71084,First French Empire,,
http://www.wikidata.org/entity/Q31,Belgium,BE,2802361,,http://www.wikidata.org/entity/Q71084,First French Empire,,
http://www.wikidata.org/entity/Q38,Italy,IT,3175395,,http://www.wikidata.org/entity/Q71084,First French Empire,,
http://www.wikidata.org/entity/Q55,Netherlands,,2750405,,http://www.wikidata.org/entity/Q71084,First French Empire,,
http://www.wikidata.org/entity/Q1028,Morocco,MA,2542007,,http://www.wikidata.org/entity/Q71092,Second French Empire,,
http://www.wikidata.org/entity/Q183,Germany,DE,2921044,,http://www.wikidata.org/entity/Q713750,West Germany,,11612754
http://www.wikidata.org/entity/Q739,Colombia,CO,3686110,,http://www.wikidata.org/entity/Q717,Venezuela,VE,3625428
http://www.wikidata.org/entity/Q734,Guyana,GY,3378535,,http://www.wikidata.org/entity/Q717,Venezuela,VE,3625428
http://www.wikidata.org/entity/Q320930,Cao Wei,,,,http://www.wikidata.org/entity/Q7209,Han dynasty,,
http://www.wikidata.org/entity/Q128904,Elam,,,,http://www.wikidata.org/entity/Q723587,Third Dynasty of Ur,,
http://www.wikidata.org/entity/Q796,Iraq,IQ,99237,,http://www.wikidata.org/entity/Q723587,Third Dynasty of Ur,,
http://www.wikidata.org/entity/Q142,France,FR,3017382,,http://www.wikidata.org/entity/Q730,Suriname,SR,3382998
http://www.wikidata.org/entity/Q734,Guyana,GY,3378535,,http://www.wikidata.org/entity/Q730,Suriname,SR,3382998
http://www.wikidata.org/entity/Q191,Estonia,EE,453733,,http://www.wikidata.org/entity/Q7318,Nazi Germany,,
http://www.wikidata.org/entity/Q1206012,German Reich,,,,http://www.wikidata.org/entity/Q7318,Nazi Germany,,
http://www.wikidata.org/entity/Q131964,Austrian Empire,,,,http://www.wikidata.org/entity/Q7318,Nazi Germany,,
http://www.wikidata.org/entity/Q15180,Soviet Union,,8354411,,http://www.wikidata.org/entity/Q7318,Nazi Germany,,
http://www.wikidata.org/entity/Q207272,Second Polish Republic,,,,http://www.wikidata.org/entity/Q7318,Nazi Germany,,
http://www.wikidata.org/entity/Q159,Russia,RU,2017370,,http://www.wikidata.org/entity/Q7318,Nazi Germany,,
http://www.wikidata.org/entity/Q154195,Kingdom of Bavaria,,,,http://www.wikidata.org/entity/Q7318,Nazi Germany,,
http://www.wikidata.org/entity/Q172107,Polish–Lithuanian Commonwealth,,,,http://www.wikidata.org/entity/Q7318,Nazi Germany,,
http://www.wikidata.org/entity/Q184,Belarus,BY,630336,,http://www.wikidata.org/entity/Q7318,Nazi Germany,,
http://www.wikidata.org/entity/Q142,France,FR,3017382,,http://www.wikidata.org/entity/Q7318,Nazi Germany,,
http://www.wikidata.org/entity/Q183,Germany,DE,2921044,,http://www.wikidata.org/entity/Q7318,Nazi Germany,,
http://www.wikidata.org/entity/Q12548,Holy Roman Empire,,,,http://www.wikidata.org/entity/Q7318,Nazi Germany,,
http://www.wikidata.org/entity/Q213,Czech Republic,CZ,3077311,,http://www.wikidata.org/entity/Q7318,Nazi Germany,,
http://www.wikidata.org/entity/Q37,Lithuania,LT,597427,,http://www.wikidata.org/entity/Q7318,Nazi Germany,,
http://www.wikidata.org/entity/Q212,Ukraine,UA,690791,,http://www.wikidata.org/entity/Q7318,Nazi Germany,,
http://www.wikidata.org/entity/Q28513,Austria–Hungary,,,,http://www.wikidata.org/entity/Q7318,Nazi Germany,,
http://www.wikidata.org/entity/Q211274,Polish People's Republic,,,,http://www.wikidata.org/entity/Q7318,Nazi Germany,,
http://www.wikidata.org/entity/Q36,Poland,PL,798544,,http://www.wikidata.org/entity/Q7318,Nazi Germany,,
http://www.wikidata.org/entity/Q211,Latvia,LV,458258,,http://www.wikidata.org/entity/Q7318,Nazi Germany,,
http://www.wikidata.org/entity/Q38,Italy,IT,3175395,,http://www.wikidata.org/entity/Q7318,Nazi Germany,,
http://www.wikidata.org/entity/Q31,Belgium,BE,2802361,,http://www.wikidata.org/entity/Q7318,Nazi Germany,,
http://www.wikidata.org/entity/Q243610,Ukrainian People's Republic,,,,http://www.wikidata.org/entity/Q7318,Nazi Germany,,
http://www.wikidata.org/entity/Q457167,West Ukrainian People's Republic,,,,http://www.wikidata.org/entity/Q7318,Nazi Germany,,
http://www.wikidata.org/entity/Q4470663,Ukrainian national government (1941),,,,http://www.wikidata.org/entity/Q7318,Nazi Germany,,
http://www.wikidata.org/entity/Q43287,German Empire,,,,http://www.wikidata.org/entity/Q7318,Nazi Germany,,
http://www.wikidata.org/entity/Q41304,Weimar Republic,,,,http://www.wikidata.org/entity/Q7318,Nazi Germany,,
http://www.wikidata.org/entity/Q40,Austria,AT,2782113,,http://www.wikidata.org/entity/Q7318,Nazi Germany,,
http://www.wikidata.org/entity/Q38872,Prussia,,,,http://www.wikidata.org/entity/Q7318,Nazi Germany,,
http://www.wikidata.org/entity/Q183,Germany,DE,2921044,,http://www.wikidata.org/entity/Q733,Paraguay,PY,3437598
http://www.wikidata.org/entity/Q145,United Kingdom,GB,2635167,,http://www.wikidata.org/entity/Q733,Paraguay,PY,3437598
http://www.wikidata.org/entity/Q200464,Portuguese Empire,,,,http://www.wikidata.org/entity/Q733,Paraguay,PY,3437598
http://www.wikidata.org/entity/Q30,United States,US,6252001,,http://www.wikidata.org/entity/Q733,Paraguay,PY,3437598
http://www.wikidata.org/entity/Q408,Australia,AU,2077456,,http://www.wikidata.org/entity/Q733,Paraguay,PY,3437598
http://www.wikidata.org/entity/Q796,Iraq,IQ,99237,,http://www.wikidata.org/entity/Q733897,Old Babylonian Empire,,
http://www.wikidata.org/entity/Q93180,Seleucid Empire,,,,http://www.wikidata.org/entity/Q733897,Old Babylonian Empire,,
http://www.wikidata.org/entity/Q624887,Neo-Babylonian Empire,,,,http://www.wikidata.org/entity/Q733897,Old Babylonian Empire,,
http://www.wikidata.org/entity/Q389688,Achaemenid Empire,,,,http://www.wikidata.org/entity/Q733897,Old Babylonian Empire,,
http://www.wikidata.org/entity/Q717,Venezuela,VE,3625428,,http://www.wikidata.org/entity/Q734,Guyana,GY,3378535
http://www.wikidata.org/entity/Q730,Suriname,SR,3382998,,http://www.wikidata.org/entity/Q734,Guyana,GY,3378535
http://www.wikidata.org/entity/Q188161,Dutch East Indies,,,,http://www.wikidata.org/entity/Q734867,Banten Sultanate,,
http://www.wikidata.org/entity/Q252,Indonesia,ID,1643084,,http://www.wikidata.org/entity/Q734867,Banten Sultanate,,
http://www.wikidata.org/entity/Q414,Argentina,AR,3865483,,http://www.wikidata.org/entity/Q738144,United Provinces of the Río de la Plata,,
http://www.wikidata.org/entity/Q786,Dominican Republic,DO,3508796,,http://www.wikidata.org/entity/Q739,Colombia,CO,3686110
http://www.wikidata.org/entity/Q794,Iran,IR,130758,,http://www.wikidata.org/entity/Q7418448,Eldiguzid state,,
http://www.wikidata.org/entity/Q265,Uzbekistan,UZ,1512440,,http://www.wikidata.org/entity/Q746558,Emirate of Bukhara,,
http://www.wikidata.org/entity/Q874,Turkmenistan,TM,1218197,,http://www.wikidata.org/entity/Q746558,Emirate of Bukhara,,
http://www.wikidata.org/entity/Q863,Tajikistan,TJ,1220409,,http://www.wikidata.org/entity/Q746558,Emirate of Bukhara,,
http://www.wikidata.org/entity/Q155,Brazil,BR,3469034,,http://www.wikidata.org/entity/Q750,Bolivia,BO,3923057
http://www.wikidata.org/entity/Q298,Chile,CL,3895114,,http://www.wikidata.org/entity/Q750,Bolivia,BO,3923057
http://www.wikidata.org/entity/Q419,Peru,PE,3932488,,http://www.wikidata.org/entity/Q750,Bolivia,BO,3923057
http://www.wikidata.org/entity/Q104192511,Taifa of Valencia (second period),,,,http://www.wikidata.org/entity/Q75613,Almoravid dynasty,,
http://www.wikidata.org/entity/Q1337854,Emirate of Córdoba,,,,http://www.wikidata.org/entity/Q75613,Almoravid dynasty,,
http://www.wikidata.org/entity/Q104192518,Taifa of Valencia (third period),,,,http://www.wikidata.org/entity/Q75613,Almoravid dynasty,,
http://www.wikidata.org/entity/Q199688,Almohad Caliphate,,,,http://www.wikidata.org/entity/Q75613,Almoravid dynasty,,
http://www.wikidata.org/entity/Q205708,Taifa of Granada,,,,http://www.wikidata.org/entity/Q75613,Almoravid dynasty,,
http://www.wikidata.org/entity/Q171740,Caliphate of Córdoba,,,,http://www.wikidata.org/entity/Q75613,Almoravid dynasty,,
http://www.wikidata.org/entity/Q2671329,Taifa of Calatayud,,,,http://www.wikidata.org/entity/Q75613,Almoravid dynasty,,
http://www.wikidata.org/entity/Q33061,Taifa of Zaragoza,,,,http://www.wikidata.org/entity/Q75613,Almoravid dynasty,,
http://www.wikidata.org/entity/Q238445,Emirate of Granada,,,,http://www.wikidata.org/entity/Q75613,Almoravid dynasty,,
http://www.wikidata.org/entity/Q29,Spain,ES,2510769,,http://www.wikidata.org/entity/Q75613,Almoravid dynasty,,
http://www.wikidata.org/entity/Q676811,Taifa of Valencia,,,,http://www.wikidata.org/entity/Q75613,Almoravid dynasty,,
http://www.wikidata.org/entity/Q8575586,Umayyad Caliphate,,,,http://www.wikidata.org/entity/Q75613,Almoravid dynasty,,
http://www.wikidata.org/entity/Q35,Denmark,DK,2623032,,http://www.wikidata.org/entity/Q756617,Kingdom of Denmark,,
http://www.wikidata.org/entity/Q223,Greenland,GL,3425505,,http://www.wikidata.org/entity/Q756617,Kingdom of Denmark,,
http://www.wikidata.org/entity/Q265,Uzbekistan,UZ,1512440,,http://www.wikidata.org/entity/Q75903,Turkestan Autonomous Soviet Socialist Republic,,
http://www.wikidata.org/entity/Q232,Kazakhstan,KZ,1522867,,http://www.wikidata.org/entity/Q75903,Turkestan Autonomous Soviet Socialist Republic,,
http://www.wikidata.org/entity/Q974,Democratic Republic of the Congo,CD,203312,,http://www.wikidata.org/entity/Q76048,Congo Free State,,
http://www.wikidata.org/entity/Q184,Belarus,BY,630336,,http://www.wikidata.org/entity/Q76236,Lithuanian–Byelorussian Soviet Socialist Republic,,
http://www.wikidata.org/entity/Q37,Lithuania,LT,597427,,http://www.wikidata.org/entity/Q76236,Lithuanian–Byelorussian Soviet Socialist Republic,,
http://www.wikidata.org/entity/Q242,Belize,BZ,3582678,,http://www.wikidata.org/entity/Q774,Guatemala,GT,3595528
http://www.wikidata.org/entity/Q55,Netherlands,,2750405,,http://www.wikidata.org/entity/Q774783,Sovereign Principality of the United Netherlands,,
http://www.wikidata.org/entity/Q236,Montenegro,ME,3194884,,http://www.wikidata.org/entity/Q777147,Albanian Kingdom,,
http://www.wikidata.org/entity/Q236,Montenegro,ME,3194884,,http://www.wikidata.org/entity/Q779011,Principality of Montenegro,,
http://www.wikidata.org/entity/Q1028,Morocco,MA,2542007,,http://www.wikidata.org/entity/Q783684,Provisional Government of the French Republic,,
http://www.wikidata.org/entity/Q739,Colombia,CO,3686110,,http://www.wikidata.org/entity/Q786,Dominican Republic,DO,3508796
http://www.wikidata.org/entity/Q12544,Byzantine Empire,,,,http://www.wikidata.org/entity/Q79,Egypt,EG,357994
http://www.wikidata.org/entity/Q1049,Sudan,SD,366755,,http://www.wikidata.org/entity/Q79,Egypt,EG,357994
http://www.wikidata.org/entity/Q11768,Ancient Egypt,,,,http://www.wikidata.org/entity/Q79,Egypt,EG,357994
http://www.wikidata.org/entity/Q219060,Palestine,PS,6254930,,http://www.wikidata.org/entity/Q79,Egypt,EG,357994
http://www.wikidata.org/entity/Q2277,Roman Empire,,8354456,,http://www.wikidata.org/entity/Q79,Egypt,EG,357994
http://www.wikidata.org/entity/Q858,Syria,SY,163843,,http://www.wikidata.org/entity/Q79,Egypt,EG,357994
http://www.wikidata.org/entity/Q801,Israel,IL,294640,,http://www.wikidata.org/entity/Q79,Egypt,EG,357994
http://www.wikidata.org/entity/Q948,Tunisia,TN,2464461,,http://www.wikidata.org/entity/Q79,Egypt,EG,357994
http://www.wikidata.org/entity/Q128904,Elam,,,,http://www.wikidata.org/entity/Q794,Iran,IR,130758
http://www.wikidata.org/entity/Q12536,Abbasid Caliphate,,,,http://www.wikidata.org/entity/Q794,Iran,IR,130758
http://www.wikidata.org/entity/Q12490507,Rashidun Caliphate,,,,http://www.wikidata.org/entity/Q794,Iran,IR,130758
http://www.wikidata.org/entity/Q273874,Buyid dynasty,,,,http://www.wikidata.org/entity/Q794,Iran,IR,130758
http://www.wikidata.org/entity/Q227,Azerbaijan,AZ,587116,,http://www.wikidata.org/entity/Q794,Iran,IR,130758
http://www.wikidata.org/entity/Q265,Uzbekistan,UZ,1512440,,http://www.wikidata.org/entity/Q794,Iran,IR,130758
http://www.wikidata.org/entity/Q668,India,IN,1269750,,http://www.wikidata.org/entity/Q794,Iran,IR,130758
http://www.wikidata.org/entity/Q858,Syria,SY,163843,,http://www.wikidata.org/entity/Q794,Iran,IR,130758
http://www.wikidata.org/entity/Q43,Turkey,TR,298795,,http://www.wikidata.org/entity/Q794,Iran,IR,130758
http://www.wikidata.org/entity/Q83891,Sasanian Empire,,,,http://www.wikidata.org/entity/Q794,Iran,IR,130758
http://www.wikidata.org/entity/Q8575586,Umayyad Caliphate,,,,http://www.wikidata.org/entity/Q794,Iran,IR,130758
http://www.wikidata.org/entity/Q843,Pakistan,PK,1168579,,http://www.wikidata.org/entity/Q794,Iran,IR,130758
http://www.wikidata.org/entity/Q796,Iraq,IQ,99237,,http://www.wikidata.org/entity/Q794,Iran,IR,130758
http://www.wikidata.org/entity/Q128904,Elam,,,,http://www.wikidata.org/entity/Q796,Iraq,IQ,99237
http://www.wikidata.org/entity/Q1986139,Parthian Empire,,,,http://www.wikidata.org/entity/Q796,Iraq,IQ,99237
http://www.wikidata.org/entity/Q1747689,Ancient Rome,,,,http://www.wikidata.org/entity/Q796,Iraq,IQ,99237
http://www.wikidata.org/entity/Q12560,Ottoman Empire,,,,http://www.wikidata.org/entity/Q796,Iraq,IQ,99237
http://www.wikidata.org/entity/Q389688,Achaemenid Empire,,,,http://www.wikidata.org/entity/Q796,Iraq,IQ,99237
http://www.wikidata.org/entity/Q723587,Third Dynasty of Ur,,,,http://www.wikidata.org/entity/Q796,Iraq,IQ,99237
http://www.wikidata.org/entity/Q41137,Assyrian Empire,,,,http://www.wikidata.org/entity/Q796,Iraq,IQ,99237
http://www.wikidata.org/entity/Q733897,Old Babylonian Empire,,,,http://www.wikidata.org/entity/Q796,Iraq,IQ,99237
http://www.wikidata.org/entity/Q93180,Seleucid Empire,,,,http://www.wikidata.org/entity/Q796,Iraq,IQ,99237
http://www.wikidata.org/entity/Q43,Turkey,TR,298795,,http://www.wikidata.org/entity/Q796,Iraq,IQ,99237
http://www.wikidata.org/entity/Q47690,Babylonia,,,,http://www.wikidata.org/entity/Q796,Iraq,IQ,99237
http://www.wikidata.org/entity/Q624887,Neo-Babylonian Empire,,,,http://www.wikidata.org/entity/Q796,Iraq,IQ,99237
http://www.wikidata.org/entity/Q83891,Sasanian Empire,,,,http://www.wikidata.org/entity/Q796,Iraq,IQ,99237
http://www.wikidata.org/entity/Q858,Syria,SY,163843,,http://www.wikidata.org/entity/Q796,Iraq,IQ,99237
http://www.wikidata.org/entity/Q794,Iran,IR,130758,,http://www.wikidata.org/entity/Q796,Iraq,IQ,99237
http://www.wikidata.org/entity/Q965,Burkina Faso,BF,2361809,,http://www.wikidata.org/entity/Q797422,Republic of Upper Volta,,
http://www.wikidata.org/entity/Q186537,Khanate of Qazan,,,,http://www.wikidata.org/entity/Q79965,Golden Horde,,
http://www.wikidata.org/entity/Q186096,Tsardom of Russia,,,,http://www.wikidata.org/entity/Q79965,Golden Horde,,
http://www.wikidata.org/entity/Q15180,Soviet Union,,8354411,,http://www.wikidata.org/entity/Q79965,Golden Horde,,
http://www.wikidata.org/entity/Q159,Russia,RU,2017370,,http://www.wikidata.org/entity/Q79965,Golden Horde,,
http://www.wikidata.org/entity/Q2305208,Russian Socialist Federative Soviet Republic,,,,http://www.wikidata.org/entity/Q79965,Golden Horde,,
http://www.wikidata.org/entity/Q34266,Russian Empire,,,,http://www.wikidata.org/entity/Q79965,Golden Horde,,
http://www.wikidata.org/entity/Q49683,Grand Duchy of Lithuania,,,,http://www.wikidata.org/entity/Q79965,Golden Horde,,
http://www.wikidata.org/entity/Q804,Panama,PA,3703430,,http://www.wikidata.org/entity/Q800,Costa Rica,CR,3624060
http://www.wikidata.org/entity/Q104028,Judea,,,,http://www.wikidata.org/entity/Q801,Israel,IL,294640
http://www.wikidata.org/entity/Q219060,Palestine,PS,6254930,,http://www.wikidata.org/entity/Q801,Israel,IL,294640
http://www.wikidata.org/entity/Q79,Egypt,EG,357994,,http://www.wikidata.org/entity/Q801,Israel,IL,294640
http://www.wikidata.org/entity/Q822,Lebanon,LB,272103,,http://www.wikidata.org/entity/Q801,Israel,IL,294640
http://www.wikidata.org/entity/Q41642,Phoenicia,,,,http://www.wikidata.org/entity/Q801,Israel,IL,294640
http://www.wikidata.org/entity/Q63135869,Ayyubid Sultanate,,,,http://www.wikidata.org/entity/Q801,Israel,IL,294640
http://www.wikidata.org/entity/Q810,Jordan,JO,248816,,http://www.wikidata.org/entity/Q801,Israel,IL,294640
http://www.wikidata.org/entity/Q858,Syria,SY,163843,,http://www.wikidata.org/entity/Q801,Israel,IL,294640
http://www.wikidata.org/entity/Q37,Lithuania,LT,597427,,http://www.wikidata.org/entity/Q80211,Lithuanian Soviet Socialist Republic,,
http://www.wikidata.org/entity/Q30,United States,US,6252001,,http://www.wikidata.org/entity/Q804,Panama,PA,3703430
http://www.wikidata.org/entity/Q800,Costa Rica,CR,3624060,,http://www.wikidata.org/entity/Q804,Panama,PA,3703430
http://www.wikidata.org/entity/Q12560,Ottoman Empire,,,,http://www.wikidata.org/entity/Q805,Yemen,YE,69543
http://www.wikidata.org/entity/Q2364248,Sulayhid dynasty,,,,http://www.wikidata.org/entity/Q805,Yemen,YE,69543
http://www.wikidata.org/entity/Q977,Djibouti,DJ,223816,,http://www.wikidata.org/entity/Q805,Yemen,YE,69543
http://www.wikidata.org/entity/Q30,United States,US,6252001,,http://www.wikidata.org/entity/Q80702,Spanish Empire,,
http://www.wikidata.org/entity/Q298,Chile,CL,3895114,,http://www.wikidata.org/entity/Q80702,Spanish Empire,,
http://www.wikidata.org/entity/Q241,Cuba,CU,3562981,,http://www.wikidata.org/entity/Q80702,Spanish Empire,,
http://www.wikidata.org/entity/Q736,Ecuador,EC,3658394,,http://www.wikidata.org/entity/Q80702,Spanish Empire,,
http://www.wikidata.org/entity/Q739,Colombia,CO,3686110,,http://www.wikidata.org/entity/Q80702,Spanish Empire,,
http://www.wikidata.org/entity/Q717,Venezuela,VE,3625428,,http://www.wikidata.org/entity/Q80702,Spanish Empire,,
http://www.wikidata.org/entity/Q792,El Salvador,SV,3585968,,http://www.wikidata.org/entity/Q80702,Spanish Empire,,
http://www.wikidata.org/entity/Q36,Poland,PL,798544,,http://www.wikidata.org/entity/Q810,Jordan,JO,248816
http://www.wikidata.org/entity/Q219060,Palestine,PS,6254930,,http://www.wikidata.org/entity/Q810,Jordan,JO,248816
http://www.wikidata.org/entity/Q801,Israel,IL,294640,,http://www.wikidata.org/entity/Q810,Jordan,JO,248816
http://www.wikidata.org/entity/Q858,Syria,SY,163843,,http://www.wikidata.org/entity/Q810,Jordan,JO,248816
http://www.wikidata.org/entity/Q148,People's Republic of China,CN,1814991,,http://www.wikidata.org/entity/Q813,Kyrgyzstan,KG,1527747
http://www.wikidata.org/entity/Q15180,Soviet Union,,8354411,,http://www.wikidata.org/entity/Q813,Kyrgyzstan,KG,1527747
http://www.wikidata.org/entity/Q265,Uzbekistan,UZ,1512440,,http://www.wikidata.org/entity/Q813,Kyrgyzstan,KG,1527747
http://www.wikidata.org/entity/Q148,People's Republic of China,CN,1814991,,http://www.wikidata.org/entity/Q814959,Beiyang Government,,
http://www.wikidata.org/entity/Q219,Bulgaria,BG,732800,,http://www.wikidata.org/entity/Q815731,Principality of Bulgaria,,
http://www.wikidata.org/entity/Q159,Russia,RU,2017370,,http://www.wikidata.org/entity/Q816709,Tuvan People's Republic,,
http://www.wikidata.org/entity/Q858,Syria,SY,163843,,http://www.wikidata.org/entity/Q822,Lebanon,LB,272103
http://www.wikidata.org/entity/Q801,Israel,IL,294640,,http://www.wikidata.org/entity/Q822,Lebanon,LB,272103
http://www.wikidata.org/entity/Q183,Germany,DE,2921044,,http://www.wikidata.org/entity/Q830084,Brunswick-Wolfenbüttel,,
http://www.wikidata.org/entity/Q1246,Kosovo,XK,831053,,http://www.wikidata.org/entity/Q83286,Socialist Federal Republic of Yugoslavia,,
http://www.wikidata.org/entity/Q225,Bosnia and Herzegovina,BA,3277605,,http://www.wikidata.org/entity/Q83286,Socialist Federal Republic of Yugoslavia,,
http://www.wikidata.org/entity/Q224,Croatia,HR,3202326,,http://www.wikidata.org/entity/Q83286,Socialist Federal Republic of Yugoslavia,,
http://www.wikidata.org/entity/Q215,Slovenia,SI,3190538,,http://www.wikidata.org/entity/Q83286,Socialist Federal Republic of Yugoslavia,,
http://www.wikidata.org/entity/Q221,North Macedonia,MK,718075,,http://www.wikidata.org/entity/Q83286,Socialist Federal Republic of Yugoslavia,,
http://www.wikidata.org/entity/Q236,Montenegro,ME,3194884,,http://www.wikidata.org/entity/Q83286,Socialist Federal Republic of Yugoslavia,,
http://www.wikidata.org/entity/Q403,Serbia,RS,6290252,,http://www.wikidata.org/entity/Q83286,Socialist Federal Republic of Yugoslavia,,
http://www.wikidata.org/entity/Q334,Singapore,SG,1880251,,http://www.wikidata.org/entity/Q833,Malaysia,MY,1733045
http://www.wikidata.org/entity/Q252,Indonesia,ID,1643084,,http://www.wikidata.org/entity/Q833,Malaysia,MY,1733045
http://www.wikidata.org/entity/Q128904,Elam,,,,http://www.wikidata.org/entity/Q83311,Persian Empire,,
http://www.wikidata.org/entity/Q93180,Seleucid Empire,,,,http://www.wikidata.org/entity/Q83311,Persian Empire,,
http://www.wikidata.org/entity/Q43,Turkey,TR,298795,,http://www.wikidata.org/entity/Q83311,Persian Empire,,
http://www.wikidata.org/entity/Q159,Russia,RU,2017370,,http://www.wikidata.org/entity/Q83546,Grand Principality of Vladimir,,
http://www.wikidata.org/entity/Q148,People's Republic of China,CN,1814991,,http://www.wikidata.org/entity/Q836,Myanmar,MM,1327865
http://www.wikidata.org/entity/Q668,India,IN,1269750,,http://www.wikidata.org/entity/Q836,Myanmar,MM,1327865
http://www.wikidata.org/entity/Q837,Nepal,NP,1282988,,http://www.wikidata.org/entity/Q836,Myanmar,MM,1327865
http://www.wikidata.org/entity/Q668,India,IN,1269750,,http://www.wikidata.org/entity/Q83618,Maratha Empire,,
http://www.wikidata.org/entity/Q183,Germany,DE,2921044,,http://www.wikidata.org/entity/Q836680,Duchy of Nassau,,
http://www.wikidata.org/entity/Q148,People's Republic of China,CN,1814991,,http://www.wikidata.org/entity/Q837,Nepal,NP,1282988
http://www.wikidata.org/entity/Q668,India,IN,1269750,,http://www.wikidata.org/entity/Q837,Nepal,NP,1282988
http://www.wikidata.org/entity/Q836,Myanmar,MM,1327865,,http://www.wikidata.org/entity/Q837,Nepal,NP,1282988
http://www.wikidata.org/entity/Q1246,Kosovo,XK,831053,,http://www.wikidata.org/entity/Q838261,Federal Republic of Yugoslavia,,
http://www.wikidata.org/entity/Q236,Montenegro,ME,3194884,,http://www.wikidata.org/entity/Q838261,Federal Republic of Yugoslavia,,
http://www.wikidata.org/entity/Q403,Serbia,RS,6290252,,http://www.wikidata.org/entity/Q838261,Federal Republic of Yugoslavia,,
http://www.wikidata.org/entity/Q1747689,Ancient Rome,,,,http://www.wikidata.org/entity/Q83891,Sasanian Empire,,
http://www.wikidata.org/entity/Q12490507,Rashidun Caliphate,,,,http://www.wikidata.org/entity/Q83891,Sasanian Empire,,
http://www.wikidata.org/entity/Q12536,Abbasid Caliphate,,,,http://www.wikidata.org/entity/Q83891,Sasanian Empire,,
http://www.wikidata.org/entity/Q12544,Byzantine Empire,,,,http://www.wikidata.org/entity/Q83891,Sasanian Empire,,
http://www.wikidata.org/entity/Q128904,Elam,,,,http://www.wikidata.org/entity/Q83891,Sasanian Empire,,
http://www.wikidata.org/entity/Q1986139,Parthian Empire,,,,http://www.wikidata.org/entity/Q83891,Sasanian Empire,,
http://www.wikidata.org/entity/Q177076,Caucasian Albania,,,,http://www.wikidata.org/entity/Q83891,Sasanian Empire,,
http://www.wikidata.org/entity/Q3708094,Seljuk Empire,,,,http://www.wikidata.org/entity/Q83891,Sasanian Empire,,
http://www.wikidata.org/entity/Q273874,Buyid dynasty,,,,http://www.wikidata.org/entity/Q83891,Sasanian Empire,,
http://www.wikidata.org/entity/Q230,Georgia,GE,614540,,http://www.wikidata.org/entity/Q83891,Sasanian Empire,,
http://www.wikidata.org/entity/Q3181749,Arab Caliphate,,,,http://www.wikidata.org/entity/Q83891,Sasanian Empire,,
http://www.wikidata.org/entity/Q43,Turkey,TR,298795,,http://www.wikidata.org/entity/Q83891,Sasanian Empire,,
http://www.wikidata.org/entity/Q8575586,Umayyad Caliphate,,,,http://www.wikidata.org/entity/Q83891,Sasanian Empire,,
http://www.wikidata.org/entity/Q877875,Palmyrene Empire,,8378566,,http://www.wikidata.org/entity/Q83891,Sasanian Empire,,
http://www.wikidata.org/entity/Q796,Iraq,IQ,99237,,http://www.wikidata.org/entity/Q83891,Sasanian Empire,,
http://www.wikidata.org/entity/Q93180,Seleucid Empire,,,,http://www.wikidata.org/entity/Q83891,Sasanian Empire,,
http://www.wikidata.org/entity/Q858,Syria,SY,163843,,http://www.wikidata.org/entity/Q83891,Sasanian Empire,,
http://www.wikidata.org/entity/Q851,Saudi Arabia,SA,102358,,http://www.wikidata.org/entity/Q83891,Sasanian Empire,,
http://www.wikidata.org/entity/Q794,Iran,IR,130758,,http://www.wikidata.org/entity/Q83891,Sasanian Empire,,
http://www.wikidata.org/entity/Q874,Turkmenistan,TM,1218197,,http://www.wikidata.org/entity/Q83891,Sasanian Empire,,
http://www.wikidata.org/entity/Q399,Armenia,AM,174982,,http://www.wikidata.org/entity/Q83891,Sasanian Empire,,
http://www.wikidata.org/entity/Q389688,Achaemenid Empire,,,,http://www.wikidata.org/entity/Q83891,Sasanian Empire,,
http://www.wikidata.org/entity/Q265,Uzbekistan,UZ,1512440,,http://www.wikidata.org/entity/Q83958,Macedonia,,
http://www.wikidata.org/entity/Q41,Greece,GR,390903,,http://www.wikidata.org/entity/Q83958,Macedonia,,
http://www.wikidata.org/entity/Q851,Saudi Arabia,SA,102358,,http://www.wikidata.org/entity/Q842,Oman,OM,286963
http://www.wikidata.org/entity/Q218,Romania,RO,798549,,http://www.wikidata.org/entity/Q842794,Socialist Republic of Romania,,
http://www.wikidata.org/entity/Q668,India,IN,1269750,,http://www.wikidata.org/entity/Q843,Pakistan,PK,1168579
http://www.wikidata.org/entity/Q889,Afghanistan,AF,1149361,,http://www.wikidata.org/entity/Q843,Pakistan,PK,1168579
http://www.wikidata.org/entity/Q794,Iran,IR,130758,,http://www.wikidata.org/entity/Q843,Pakistan,PK,1168579
http://www.wikidata.org/entity/Q902,Bangladesh,BD,1210997,,http://www.wikidata.org/entity/Q843,Pakistan,PK,1168579
http://www.wikidata.org/entity/Q842,Oman,OM,286963,,http://www.wikidata.org/entity/Q851,Saudi Arabia,SA,102358
http://www.wikidata.org/entity/Q214,Slovakia,SK,3057568,,http://www.wikidata.org/entity/Q853348,Czechoslovak Socialist Republic,,
http://www.wikidata.org/entity/Q200464,Portuguese Empire,,,,http://www.wikidata.org/entity/Q854,Sri Lanka,LK,1227603
http://www.wikidata.org/entity/Q668,India,IN,1269750,,http://www.wikidata.org/entity/Q854,Sri Lanka,LK,1227603
http://www.wikidata.org/entity/Q171740,Caliphate of Córdoba,,,,http://www.wikidata.org/entity/Q8575586,Umayyad Caliphate,,
http://www.wikidata.org/entity/Q12490507,Rashidun Caliphate,,,,http://www.wikidata.org/entity/Q8575586,Umayyad Caliphate,,
http://www.wikidata.org/entity/Q1986139,Parthian Empire,,,,http://www.wikidata.org/entity/Q8575586,Umayyad Caliphate,,
http://www.wikidata.org/entity/Q12536,Abbasid Caliphate,,,,http://www.wikidata.org/entity/Q8575586,Umayyad Caliphate,,
http://www.wikidata.org/entity/Q1337854,Emirate of Córdoba,,,,http://www.wikidata.org/entity/Q8575586,Umayyad Caliphate,,
http://www.wikidata.org/entity/Q33061,Taifa of Zaragoza,,,,http://www.wikidata.org/entity/Q8575586,Umayyad Caliphate,,
http://www.wikidata.org/entity/Q29,Spain,ES,2510769,,http://www.wikidata.org/entity/Q8575586,Umayyad Caliphate,,
http://www.wikidata.org/entity/Q2671329,Taifa of Calatayud,,,,http://www.wikidata.org/entity/Q8575586,Umayyad Caliphate,,
http://www.wikidata.org/entity/Q3708094,Seljuk Empire,,,,http://www.wikidata.org/entity/Q8575586,Umayyad Caliphate,,
http://www.wikidata.org/entity/Q273874,Buyid dynasty,,,,http://www.wikidata.org/entity/Q8575586,Umayyad Caliphate,,
http://www.wikidata.org/entity/Q794,Iran,IR,130758,,http://www.wikidata.org/entity/Q8575586,Umayyad Caliphate,,
http://www.wikidata.org/entity/Q83891,Sasanian Empire,,,,http://www.wikidata.org/entity/Q8575586,Umayyad Caliphate,,
http://www.wikidata.org/entity/Q75613,Almoravid dynasty,,,,http://www.wikidata.org/entity/Q8575586,Umayyad Caliphate,,
http://www.wikidata.org/entity/Q12560,Ottoman Empire,,,,http://www.wikidata.org/entity/Q858,Syria,SY,163843
http://www.wikidata.org/entity/Q12544,Byzantine Empire,,,,http://www.wikidata.org/entity/Q858,Syria,SY,163843
http://www.wikidata.org/entity/Q1747689,Ancient Rome,,,,http://www.wikidata.org/entity/Q858,Syria,SY,163843
http://www.wikidata.org/entity/Q2277,Roman Empire,,8354456,,http://www.wikidata.org/entity/Q858,Syria,SY,163843
http://www.wikidata.org/entity/Q794,Iran,IR,130758,,http://www.wikidata.org/entity/Q858,Syria,SY,163843
http://www.wikidata.org/entity/Q93180,Seleucid Empire,,,,http://www.wikidata.org/entity/Q858,Syria,SY,163843
http://www.wikidata.org/entity/Q822,Lebanon,LB,272103,,http://www.wikidata.org/entity/Q858,Syria,SY,163843
http://www.wikidata.org/entity/Q877875,Palmyrene Empire,,8378566,,http://www.wikidata.org/entity/Q858,Syria,SY,163843
http://www.wikidata.org/entity/Q796,Iraq,IQ,99237,,http://www.wikidata.org/entity/Q858,Syria,SY,163843
http://www.wikidata.org/entity/Q83891,Sasanian Empire,,,,http://www.wikidata.org/entity/Q858,Syria,SY,163843
http://www.wikidata.org/entity/Q43,Turkey,TR,298795,,http://www.wikidata.org/entity/Q858,Syria,SY,163843
http://www.wikidata.org/entity/Q810,Jordan,JO,248816,,http://www.wikidata.org/entity/Q858,Syria,SY,163843
http://www.wikidata.org/entity/Q79,Egypt,EG,357994,,http://www.wikidata.org/entity/Q858,Syria,SY,163843
http://www.wikidata.org/entity/Q801,Israel,IL,294640,,http://www.wikidata.org/entity/Q858,Syria,SY,163843
http://www.wikidata.org/entity/Q2364248,Sulayhid dynasty,,,,http://www.wikidata.org/entity/Q85816686,Yemeni Zaidi State,,
http://www.wikidata.org/entity/Q805,Yemen,YE,69543,,http://www.wikidata.org/entity/Q85816686,Yemeni Zaidi State,,
http://www.wikidata.org/entity/Q1007,Guinea-Bissau,GW,2372248,,http://www.wikidata.org/entity/Q862478,Kaabu,,
http://www.wikidata.org/entity/Q965,Burkina Faso,BF,2361809,,http://www.wikidata.org/entity/Q862522,Mossi Kingdoms,,
http://www.wikidata.org/entity/Q15180,Soviet Union,,8354411,,http://www.wikidata.org/entity/Q863,Tajikistan,TJ,1220409
http://www.wikidata.org/entity/Q265,Uzbekistan,UZ,1512440,,http://www.wikidata.org/entity/Q863,Tajikistan,TJ,1220409
http://www.wikidata.org/entity/Q889,Afghanistan,AF,1149361,,http://www.wikidata.org/entity/Q863,Tajikistan,TJ,1220409
http://www.wikidata.org/entity/Q1062422,Konbaung dynasty,,,,http://www.wikidata.org/entity/Q869,Thailand,TH,1605651
http://www.wikidata.org/entity/Q155,Brazil,BR,3469034,,http://www.wikidata.org/entity/Q869,Thailand,TH,1605651
http://www.wikidata.org/entity/Q17,Japan,JP,1861060,,http://www.wikidata.org/entity/Q869,Thailand,TH,1605651
http://www.wikidata.org/entity/Q424,Cambodia,KH,1831722,,http://www.wikidata.org/entity/Q869,Thailand,TH,1605651
http://www.wikidata.org/entity/Q408,Australia,AU,2077456,,http://www.wikidata.org/entity/Q869,Thailand,TH,1605651
http://www.wikidata.org/entity/Q884,South Korea,KR,1835841,,http://www.wikidata.org/entity/Q869,Thailand,TH,1605651
http://www.wikidata.org/entity/Q819,Laos,LA,1655842,,http://www.wikidata.org/entity/Q870055,Kingdom of Laos,,
http://www.wikidata.org/entity/Q148,People's Republic of China,CN,1814991,,http://www.wikidata.org/entity/Q8733,Qing dynasty,,
http://www.wikidata.org/entity/Q188712,Empire of Japan,,,,http://www.wikidata.org/entity/Q8733,Qing dynasty,,
http://www.wikidata.org/entity/Q15180,Soviet Union,,8354411,,http://www.wikidata.org/entity/Q874,Turkmenistan,TM,1218197
http://www.wikidata.org/entity/Q159,Russia,RU,2017370,,http://www.wikidata.org/entity/Q874954,Principality of Theodoro,,
http://www.wikidata.org/entity/Q212,Ukraine,UA,690791,,http://www.wikidata.org/entity/Q874954,Principality of Theodoro,,
http://www.wikidata.org/entity/Q1747689,Ancient Rome,,,,http://www.wikidata.org/entity/Q877875,Palmyrene Empire,,8378566
http://www.wikidata.org/entity/Q12544,Byzantine Empire,,,,http://www.wikidata.org/entity/Q877875,Palmyrene Empire,,8378566
http://www.wikidata.org/entity/Q2277,Roman Empire,,8354456,,http://www.wikidata.org/entity/Q877875,Palmyrene Empire,,8378566
http://www.wikidata.org/entity/Q93180,Seleucid Empire,,,,http://www.wikidata.org/entity/Q877875,Palmyrene Empire,,8378566
http://www.wikidata.org/entity/Q858,Syria,SY,163843,,http://www.wikidata.org/entity/Q877875,Palmyrene Empire,,8378566
http://www.wikidata.org/entity/Q83891,Sasanian Empire,,,,http://www.wikidata.org/entity/Q877875,Palmyrene Empire,,8378566
http://www.wikidata.org/entity/Q142,France,FR,3017382,,http://www.wikidata.org/entity/Q881,Vietnam,VN,1562822
http://www.wikidata.org/entity/Q180573,South Vietnam,,11608491,,http://www.wikidata.org/entity/Q881,Vietnam,VN,1562822
http://www.wikidata.org/entity/Q6500483,Nguyen dynasty,,,,http://www.wikidata.org/entity/Q881,Vietnam,VN,1562822
http://www.wikidata.org/entity/Q17,Japan,JP,1861060,,http://www.wikidata.org/entity/Q884,South Korea,KR,1835841
http://www.wikidata.org/entity/Q155,Brazil,BR,3469034,,http://www.wikidata.org/entity/Q884,South Korea,KR,1835841
http://www.wikidata.org/entity/Q423,North Korea,KP,1873107,,http://www.wikidata.org/entity/Q884,South Korea,KR,1835841
http://www.wikidata.org/entity/Q869,Thailand,TH,1605651,,http://www.wikidata.org/entity/Q884,South Korea,KR,1835841
http://www.wikidata.org/entity/Q408,Australia,AU,2077456,,http://www.wikidata.org/entity/Q884,South Korea,KR,1835841
http://www.wikidata.org/entity/Q265,Uzbekistan,UZ,1512440,,http://www.wikidata.org/entity/Q889,Afghanistan,AF,1149361
http://www.wikidata.org/entity/Q863,Tajikistan,TJ,1220409,,http://www.wikidata.org/entity/Q889,Afghanistan,AF,1149361
http://www.wikidata.org/entity/Q843,Pakistan,PK,1168579,,http://www.wikidata.org/entity/Q889,Afghanistan,AF,1149361
http://www.wikidata.org/entity/Q27306,Kingdom of Prussia,,,,http://www.wikidata.org/entity/Q8890160,Kingdom of Poland,,
http://www.wikidata.org/entity/Q216173,Free City of Danzig,,,,http://www.wikidata.org/entity/Q8890160,Kingdom of Poland,,
http://www.wikidata.org/entity/Q36,Poland,PL,798544,,http://www.wikidata.org/entity/Q8890160,Kingdom of Poland,,
http://www.wikidata.org/entity/Q183,Germany,DE,2921044,,http://www.wikidata.org/entity/Q896856,Prince-Bishopric of Konstanz,,
http://www.wikidata.org/entity/Q159,Russia,RU,2017370,,http://www.wikidata.org/entity/Q901974,Free City of Danzig,,
http://www.wikidata.org/entity/Q36,Poland,PL,798544,,http://www.wikidata.org/entity/Q901974,Free City of Danzig,,
http://www.wikidata.org/entity/Q15180,Soviet Union,,8354411,,http://www.wikidata.org/entity/Q90579326,Socialist Soviet Republic of Armenia,,
http://www.wikidata.org/entity/Q399,Armenia,AM,174982,,http://www.wikidata.org/entity/Q90579326,Socialist Soviet Republic of Armenia,,
http://www.wikidata.org/entity/Q792,El Salvador,SV,3585968,,http://www.wikidata.org/entity/Q9063401,United Provinces of Central America,,
http://www.wikidata.org/entity/Q1030,Namibia,NA,3355338,,http://www.wikidata.org/entity/Q916,Angola,AO,3351879
http://www.wikidata.org/entity/Q153963,German East Africa,,,,http://www.wikidata.org/entity/Q924,Tanzania,TZ,149590
http://www.wikidata.org/entity/Q1033,Nigeria,NG,2328926,,http://www.wikidata.org/entity/Q924,Tanzania,TZ,149590
http://www.wikidata.org/entity/Q117,Ghana,GH,2300660,,http://www.wikidata.org/entity/Q928,Philippines,PH,1694008
http://www.wikidata.org/entity/Q128904,Elam,,,,http://www.wikidata.org/entity/Q93180,Seleucid Empire,,
http://www.wikidata.org/entity/Q12544,Byzantine Empire,,,,http://www.wikidata.org/entity/Q93180,Seleucid Empire,,
http://www.wikidata.org/entity/Q1986139,Parthian Empire,,,,http://www.wikidata.org/entity/Q93180,Seleucid Empire,,
http://www.wikidata.org/entity/Q1747689,Ancient Rome,,,,http://www.wikidata.org/entity/Q93180,Seleucid Empire,,
http://www.wikidata.org/entity/Q733897,Old Babylonian Empire,,,,http://www.wikidata.org/entity/Q93180,Seleucid Empire,,
http://www.wikidata.org/entity/Q389688,Achaemenid Empire,,,,http://www.wikidata.org/entity/Q93180,Seleucid Empire,,
http://www.wikidata.org/entity/Q877875,Palmyrene Empire,,8378566,,http://www.wikidata.org/entity/Q93180,Seleucid Empire,,
http://www.wikidata.org/entity/Q624887,Neo-Babylonian Empire,,,,http://www.wikidata.org/entity/Q93180,Seleucid Empire,,
http://www.wikidata.org/entity/Q43,Turkey,TR,298795,,http://www.wikidata.org/entity/Q93180,Seleucid Empire,,
http://www.wikidata.org/entity/Q83891,Sasanian Empire,,,,http://www.wikidata.org/entity/Q93180,Seleucid Empire,,
http://www.wikidata.org/entity/Q83311,Persian Empire,,,,http://www.wikidata.org/entity/Q93180,Seleucid Empire,,
http://www.wikidata.org/entity/Q858,Syria,SY,163843,,http://www.wikidata.org/entity/Q93180,Seleucid Empire,,
http://www.wikidata.org/entity/Q796,Iraq,IQ,99237,,http://www.wikidata.org/entity/Q93180,Seleucid Empire,,
http://www.wikidata.org/entity/Q28,Hungary,HU,719819,,http://www.wikidata.org/entity/Q940741,Second Hungarian Republic,,
http://www.wikidata.org/entity/Q1008,Ivory Coast,CI,2287781,,http://www.wikidata.org/entity/Q945,Togo,TG,2363686
http://www.wikidata.org/entity/Q965,Burkina Faso,BF,2361809,,http://www.wikidata.org/entity/Q945,Togo,TG,2363686
http://www.wikidata.org/entity/Q962,Benin,BJ,2395170,,http://www.wikidata.org/entity/Q945,Togo,TG,2363686
http://www.wikidata.org/entity/Q142,France,FR,3017382,,http://www.wikidata.org/entity/Q948,Tunisia,TN,2464461
http://www.wikidata.org/entity/Q1747689,Ancient Rome,,,,http://www.wikidata.org/entity/Q948,Tunisia,TN,2464461
http://www.wikidata.org/entity/Q79,Egypt,EG,357994,,http://www.wikidata.org/entity/Q948,Tunisia,TN,2464461
http://www.wikidata.org/entity/Q212,Ukraine,UA,690791,,http://www.wikidata.org/entity/Q950644,Carpatho-Ukraine,,
http://www.wikidata.org/entity/Q1030,Namibia,NA,3355338,,http://www.wikidata.org/entity/Q953068,South-West Africa,,
http://www.wikidata.org/entity/Q29,Spain,ES,2510769,,http://www.wikidata.org/entity/Q953432,Couto Misto,,
http://www.wikidata.org/entity/Q810,Jordan,JO,248816,,http://www.wikidata.org/entity/Q956357,Kingdom of Hejaz,,
http://www.wikidata.org/entity/Q851,Saudi Arabia,SA,102358,,http://www.wikidata.org/entity/Q956357,Kingdom of Hejaz,,
http://www.wikidata.org/entity/Q1049,Sudan,SD,366755,,http://www.wikidata.org/entity/Q958,South Sudan,SS,7909807
http://www.wikidata.org/entity/Q1036,Uganda,UG,226074,,http://www.wikidata.org/entity/Q958,South Sudan,SS,7909807
http://www.wikidata.org/entity/Q217,Moldova,MD,617790,,http://www.wikidata.org/entity/Q958291,United Principalities of Moldavia and Wallachia,,
http://www.wikidata.org/entity/Q218,Romania,RO,798549,,http://www.wikidata.org/entity/Q958291,United Principalities of Moldavia and Wallachia,,
http://www.wikidata.org/entity/Q212,Ukraine,UA,690791,,http://www.wikidata.org/entity/Q958291,United Principalities of Moldavia and Wallachia,,
http://www.wikidata.org/entity/Q30,United States,US,6252001,,http://www.wikidata.org/entity/Q96,Mexico,MX,3996063
http://www.wikidata.org/entity/Q945,Togo,TG,2363686,,http://www.wikidata.org/entity/Q962,Benin,BJ,2395170
http://www.wikidata.org/entity/Q15180,Soviet Union,,8354411,,http://www.wikidata.org/entity/Q964024,Moldavian Democratic Republic,,
http://www.wikidata.org/entity/Q217,Moldova,MD,617790,,http://www.wikidata.org/entity/Q964024,Moldavian Democratic Republic,,
http://www.wikidata.org/entity/Q212,Ukraine,UA,690791,,http://www.wikidata.org/entity/Q964024,Moldavian Democratic Republic,,
http://www.wikidata.org/entity/Q1009,Cameroon,CM,2233387,,http://www.wikidata.org/entity/Q965,Burkina Faso,BF,2361809
http://www.wikidata.org/entity/Q1008,Ivory Coast,CI,2287781,,http://www.wikidata.org/entity/Q965,Burkina Faso,BF,2361809
http://www.wikidata.org/entity/Q945,Togo,TG,2363686,,http://www.wikidata.org/entity/Q965,Burkina Faso,BF,2361809
http://www.wikidata.org/entity/Q974,Democratic Republic of the Congo,CD,203312,,http://www.wikidata.org/entity/Q971,Republic of the Congo,CG,2260494
http://www.wikidata.org/entity/Q1036,Uganda,UG,226074,,http://www.wikidata.org/entity/Q974,Democratic Republic of the Congo,CD,203312
http://www.wikidata.org/entity/Q76048,Congo Free State,,,,http://www.wikidata.org/entity/Q974,Democratic Republic of the Congo,CD,203312
http://www.wikidata.org/entity/Q971,Republic of the Congo,CG,2260494,,http://www.wikidata.org/entity/Q974,Democratic Republic of the Congo,CD,203312
http://www.wikidata.org/entity/Q43,Turkey,TR,298795,,http://www.wikidata.org/entity/Q975405,Sultanate of Rum,,
http://www.wikidata.org/entity/Q805,Yemen,YE,69543,,http://www.wikidata.org/entity/Q977,Djibouti,DJ,223816
http://www.wikidata.org/entity/Q115,Ethiopia,ET,337996,,http://www.wikidata.org/entity/Q986,Eritrea,ER,338010
